plot_id,date,NDVI,SAVI,NDWI,days,stage_code,stage_name
1,2024-12-27,0.1944580201,0.291623812,-0.3210140752,0,1,Seedling
1,2025-01-11,0.2293006855,0.3438504579,-0.3166656009,15,1,Seedling
1,2025-01-19,0.2554660176,0.3831103453,-0.3120522868,23,1,Seedling
1,2025-01-26,0.2803321798,0.4203854502,-0.3137566776,30,1,Seedling
1,2025-01-29,0.3369896664,0.5053305951,-0.3315527048,33,2,Tillering
1,2025-01-31,0.382622637,0.5738270083,-0.3574352459,35,2,Tillering
1,2025-02-03,0.4340560129,0.6509847628,-0.3978598373,38,2,Tillering
1,2025-02-08,0.4525380939,0.6786879811,-0.4293714602,43,2,Tillering
1,2025-02-10,0.4645871238,0.6967173658,-0.4496506585,45,2,Tillering
1,2025-02-13,0.4904838123,0.7355561931,-0.4714984548,48,3,Growth
1,2025-02-15,0.4998429851,0.7496456844,-0.4854024854,50,3,Growth
1,2025-02-18,0.4937467541,0.7405334512,-0.4814752336,53,3,Growth
1,2025-02-23,0.4950020789,0.7423955701,-0.4782530155,58,3,Growth
1,2025-03-02,0.5558654171,0.8336839425,-0.5163604953,65,3,Growth
1,2025-03-05,0.5710576101,0.8564839775,-0.528136304,68,3,Growth
1,2025-03-07,0.5501322723,0.8250983749,-0.513843906,70,4,Ripening
1,2025-03-10,0.5428656408,0.8141984947,-0.5115909263,73,4,Ripening
1,2025-03-12,0.5440346177,0.8159543641,-0.5222234696,75,4,Ripening
1,2025-03-15,0.5299991848,0.7949129296,-0.5168041288,78,4,Ripening
1,2025-03-22,0.4735966812,0.7103009271,-0.4803423044,85,4,Ripening
1,2025-03-25,0.3988078021,0.5981058308,-0.434442601,88,4,Ripening
1,2025-03-27,0.3497669485,0.5245550535,-0.4135728619,90,4,Ripening
1,2025-03-29,0.3216455132,0.4823744237,-0.4066178743,92,4,Ripening
1,2025-03-30,0.3057642703,0.458579436,-0.4018004504,93,4,Ripening
1,2025-04-01,0.2755688008,0.4132817086,-0.3856546265,95,4,Ripening
1,2025-04-06,0.2271889757,0.3407350745,-0.3460842049,100,4,Ripening
1,2025-04-09,0.2057798152,0.3086256909,-0.3193230542,103,4,Ripening
1,2025-04-11,0.2060945243,0.3091022061,-0.3179943062,105,4,Ripening
2,2024-12-27,0.1617815057,0.2426223634,-0.280866784,0,1,Seedling
2,2025-01-11,0.1897818254,0.2845762384,-0.2868547108,15,1,Seedling
2,2025-01-19,0.2145335525,0.3217333429,-0.2905106086,23,1,Seedling
2,2025-01-26,0.247297731,0.3709129854,-0.2900685289,30,1,Seedling
2,2025-01-29,0.304664604,0.4569383897,-0.3102510886,33,2,Tillering
2,2025-01-31,0.3476453866,0.521365245,-0.3385147767,35,2,Tillering
2,2025-02-03,0.3869715126,0.5802936215,-0.3756745622,38,2,Tillering
2,2025-02-08,0.3994252457,0.5989497132,-0.4007519381,43,2,Tillering
2,2025-02-10,0.4046393686,0.6068287804,-0.4135518477,45,2,Tillering
2,2025-02-13,0.4199429867,0.629816255,-0.425883018,48,3,Growth
2,2025-02-15,0.428879297,0.6432034166,-0.4323185864,50,3,Growth
2,2025-02-18,0.4254745773,0.6380859696,-0.4305485106,53,3,Growth
2,2025-02-23,0.4297740337,0.6445827498,-0.434919374,58,3,Growth
2,2025-03-02,0.4717664739,0.7075525444,-0.4601482803,65,3,Growth
2,2025-03-05,0.4817226388,0.7224839904,-0.4650321848,68,3,Growth
2,2025-03-07,0.4634588467,0.6950874097,-0.4496350433,70,4,Ripening
2,2025-03-10,0.4557920629,0.6835677602,-0.4483895331,73,4,Ripening
2,2025-03-12,0.4516542494,0.6773354487,-0.4624295717,75,4,Ripening
2,2025-03-15,0.4373876867,0.655999187,-0.4634191111,78,4,Ripening
2,2025-03-22,0.4030034326,0.6044404027,-0.4403213868,85,4,Ripening
2,2025-03-25,0.3514880545,0.5271682232,-0.4068858038,88,4,Ripening
2,2025-03-27,0.3156052618,0.4733639985,-0.3908952022,90,4,Ripening
2,2025-03-29,0.2995731466,0.4492929957,-0.3862963707,92,4,Ripening
2,2025-03-30,0.2876082484,0.4313239233,-0.3825731815,93,4,Ripening
2,2025-04-01,0.2605321494,0.3907066188,-0.3696232162,95,4,Ripening
2,2025-04-06,0.217567682,0.3262765914,-0.3355229977,100,4,Ripening
2,2025-04-09,0.1983479812,0.2974633263,-0.3141515485,103,4,Ripening
2,2025-04-11,0.2019327231,0.3028825979,-0.3167026651,105,4,Ripening
3,2024-12-27,0.1650854001,0.2475672833,-0.3097184887,0,0,Bare
3,2025-01-11,0.1794691269,0.2691140764,-0.303962636,15,1,Seedling
3,2025-01-19,0.1918751129,0.2877031492,-0.2886863555,23,1,Seedling
3,2025-01-26,0.2191716853,0.3286395101,-0.276888772,30,1,Seedling
3,2025-01-29,0.259370018,0.3889705444,-0.305000641,33,2,Tillering
3,2025-01-31,0.2946600348,0.4418842455,-0.333862776,35,2,Tillering
3,2025-02-03,0.322634568,0.4838513487,-0.3606926692,38,2,Tillering
3,2025-02-08,0.3433179361,0.5149356825,-0.3834116818,43,2,Tillering
3,2025-02-10,0.3567934698,0.535138512,-0.3974866771,45,2,Tillering
3,2025-02-13,0.3745803783,0.56177186,-0.4105601945,48,2,Tillering
3,2025-02-15,0.3873109009,0.5808492315,-0.4176848484,50,2,Tillering
3,2025-02-18,0.3904041342,0.5855350039,-0.4162914515,53,2,Tillering
3,2025-02-23,0.41097293,0.6164007854,-0.4241267981,58,3,Growth
3,2025-03-02,0.4649119566,0.6972438344,-0.4545070273,65,3,Growth
3,2025-03-05,0.4793128332,0.718802324,-0.4636494583,68,3,Growth
3,2025-03-07,0.4645328883,0.6966995042,-0.4524180156,70,4,Ripening
3,2025-03-10,0.4633078621,0.6948723117,-0.4531023139,73,4,Ripening
3,2025-03-12,0.4749826001,0.7123428874,-0.4669633984,75,4,Ripening
3,2025-03-15,0.4673512842,0.7009186183,-0.4682241129,78,4,Ripening
3,2025-03-22,0.4256694524,0.6384155617,-0.4489427484,85,4,Ripening
3,2025-03-25,0.3756907292,0.5634350939,-0.4218907706,88,4,Ripening
3,2025-03-27,0.340459148,0.5106154815,-0.4070394107,90,4,Ripening
3,2025-03-29,0.322741202,0.4840376188,-0.3977990346,92,4,Ripening
3,2025-03-30,0.3112930053,0.4668595823,-0.3913773047,93,4,Ripening
3,2025-04-01,0.2880596575,0.4320378373,-0.3772916452,95,4,Ripening
3,2025-04-06,0.2565574342,0.3847847876,-0.3486032599,100,4,Ripening
3,2025-04-09,0.2502159798,0.3752734649,-0.3372153694,103,4,Ripening
3,2025-04-11,0.2628299494,0.3942487643,-0.3498812698,105,4,Ripening
4,2024-12-27,0.29595,0.4438,-0.3922,0,1,Seedling
4,2025-01-11,0.58425,0.87625,-0.56905,15,2,Tillering
4,2025-01-19,0.66655,0.99965,-0.58505,23,3,Growth
4,2025-01-26,0.72785,1.09165,-0.6392,30,3,Growth
4,2025-01-29,0.61185,0.91765,-0.53355,33,3,Growth
4,2025-01-31,0.69485,1.0422,-0.62345,35,3,Growth
4,2025-02-03,0.75385,1.13065,-0.69205,38,3,Growth
4,2025-02-08,0.7547,1.13195,-0.69775,43,3,Growth
4,2025-02-10,0.75835,1.13735,-0.6981,45,3,Growth
4,2025-02-13,0.7553,1.13285,-0.70195,48,3,Growth
4,2025-02-15,0.76445,1.14655,-0.709,50,3,Growth
4,2025-02-18,0.73355,1.10015,-0.6909,53,4,Ripening
4,2025-02-23,0.5072,0.7607,-0.4557,58,4,Ripening
4,2025-03-02,0.6743,1.01135,-0.62735,65,4,Ripening
4,2025-03-05,0.66655,0.9997,-0.6532,68,4,Ripening
4,2025-03-07,0.61615,0.92405,-0.6047,70,4,Ripening
4,2025-03-10,0.57065,0.8559,-0.5649,73,4,Ripening
4,2025-03-12,0.58035,0.87035,-0.58645,75,4,Ripening
4,2025-03-15,0.5295,0.79415,-0.5479,78,4,Ripening
4,2025-03-22,0.4453,0.66785,-0.49855,85,4,Ripening
4,2025-03-25,0.4027,0.60395,-0.4855,88,4,Ripening
4,2025-03-27,0.3569,0.5352,-0.44475,90,4,Ripening
4,2025-03-29,0.36315,0.54465,-0.4887,92,4,Ripening
4,2025-03-30,0.35675,0.535,-0.4668,93,4,Ripening
4,2025-04-01,0.32935,0.49395,-0.45185,95,4,Ripening
4,2025-04-06,0.29585,0.4437,-0.41965,100,4,Ripening
4,2025-04-09,0.27245,0.40855,-0.3652,103,4,Ripening
4,2025-04-11,0.30935,0.4639,-0.39855,105,4,Ripening
5,2024-12-27,0.15595,0.23385,-0.3151,0,1,Seedling
5,2025-01-11,0.18665,0.2799,-0.3124,15,1,Seedling
5,2025-01-19,0.1911,0.2866,-0.23905,23,1,Seedling
5,2025-01-26,0.2744,0.4115,-0.3466,30,2,Tillering
5,2025-01-29,0.21955,0.3293,-0.20665,33,2,Tillering
5,2025-01-31,0.30945,0.4641,-0.32605,35,2,Tillering
5,2025-02-03,0.3313,0.49685,-0.36865,38,2,Tillering
5,2025-02-08,0.359,0.5384,-0.39125,43,2,Tillering
5,2025-02-10,0.3538,0.53065,-0.39875,45,2,Tillering
5,2025-02-13,0.3915,0.5871,-0.4155,48,2,Tillering
5,2025-02-15,0.38985,0.58475,-0.4242,50,2,Tillering
5,2025-02-18,0.4395,0.6592,-0.4483,53,3,Growth
5,2025-02-23,0.34405,0.51605,-0.31155,58,3,Growth
5,2025-03-02,0.4993,0.74885,-0.4737,65,3,Growth
5,2025-03-05,0.5376,0.8063,-0.522,68,3,Growth
5,2025-03-07,0.45855,0.68775,-0.4486,70,4,Ripening
5,2025-03-10,0.4612,0.6917,-0.4409,73,4,Ripening
5,2025-03-12,0.50365,0.75535,-0.5013,75,4,Ripening
5,2025-03-15,0.48435,0.72645,-0.48065,78,4,Ripening
5,2025-03-22,0.4482,0.67215,-0.46685,85,4,Ripening
5,2025-03-25,0.3854,0.578,-0.41915,88,4,Ripening
5,2025-03-27,0.3543,0.53135,-0.40325,90,4,Ripening
5,2025-03-29,0.34615,0.51915,-0.4284,92,4,Ripening
5,2025-03-30,0.332,0.49795,-0.39965,93,4,Ripening
5,2025-04-01,0.311025,0.46645,-0.3964,95,4,Ripening
5,2025-04-06,0.26235,0.39345,-0.35195,100,4,Ripening
5,2025-04-09,0.2129,0.3194,-0.2946,103,4,Ripening
5,2025-04-11,0.26445,0.39665,-0.3377,105,4,Ripening
6,2024-12-27,0.16295,0.2444,-0.31545,0,1,Seedling
6,2025-01-11,0.1877,0.28155,-0.29795,15,1,Seedling
6,2025-01-19,0.1797,0.2695,-0.23345,23,1,Seedling
6,2025-01-26,0.25625,0.38435,-0.34305,30,1,Seedling
6,2025-01-29,0.21405,0.32095,-0.21515,33,1,Seedling
6,2025-01-31,0.2907,0.436,-0.32725,35,2,Tillering
6,2025-02-03,0.32435,0.48645,-0.36335,38,2,Tillering
6,2025-02-08,0.3545,0.53165,-0.39115,43,2,Tillering
6,2025-02-10,0.3491,0.5236,-0.3931,45,2,Tillering
6,2025-02-13,0.39945,0.599,-0.4185,48,2,Tillering
6,2025-02-15,0.37305,0.55945,-0.41945,50,2,Tillering
6,2025-02-18,0.427,0.6404,-0.4528,53,3,Growth
6,2025-02-23,0.34755,0.52125,-0.3161,58,3,Growth
6,2025-03-02,0.4809,0.7212,-0.47565,65,3,Growth
6,2025-03-05,0.54025,0.81025,-0.5227,68,3,Growth
6,2025-03-07,0.46325,0.69485,-0.44205,70,4,Ripening
6,2025-03-10,0.45615,0.6841,-0.44045,73,4,Ripening
6,2025-03-12,0.5022,0.75315,-0.5066,75,4,Ripening
6,2025-03-15,0.4784,0.7175,-0.4749,78,4,Ripening
6,2025-03-22,0.41165,0.61745,-0.4502,85,4,Ripening
6,2025-03-25,0.36,0.5399,-0.40495,88,4,Ripening
6,2025-03-27,0.32245,0.4836,-0.3928,90,4,Ripening
6,2025-03-29,0.29975,0.44955,-0.3979,92,4,Ripening
6,2025-03-30,0.2965,0.44465,-0.38265,93,4,Ripening
6,2025-04-01,0.270725,0.406025,-0.37155,95,4,Ripening
6,2025-04-06,0.2334,0.35005,-0.33515,100,4,Ripening
6,2025-04-09,0.2019,0.3028,-0.28095,103,4,Ripening
6,2025-04-11,0.23995,0.3599,-0.32615,105,4,Ripening
7,2024-12-27,0.15475,0.2321,-0.3034,0,1,Seedling
7,2025-01-11,0.18345,0.2751,-0.30205,15,1,Seedling
7,2025-01-19,0.17845,0.26765,-0.22805,23,1,Seedling
7,2025-01-26,0.2627,0.394,-0.3317,30,1,Seedling
7,2025-01-29,0.19635,0.2945,-0.18915,33,1,Seedling
7,2025-01-31,0.295,0.4424,-0.30555,35,2,Tillering
7,2025-02-03,0.36775,0.55155,-0.37245,38,2,Tillering
7,2025-02-08,0.3742,0.56125,-0.3977,43,3,Growth
7,2025-02-10,0.3714,0.557,-0.40065,45,3,Growth
7,2025-02-13,0.42665,0.63985,-0.43255,48,3,Growth
7,2025-02-15,0.4029,0.6042,-0.42705,50,3,Growth
7,2025-02-18,0.43495,0.6523,-0.448,53,3,Growth
7,2025-02-23,0.35365,0.53045,-0.3159,58,3,Growth
7,2025-03-02,0.5279,0.79175,-0.49425,65,3,Growth
7,2025-03-05,0.5993,0.8988,-0.56055,68,3,Growth
7,2025-03-07,0.50215,0.75315,-0.46585,70,4,Ripening
7,2025-03-10,0.4831,0.72445,-0.45495,73,4,Ripening
7,2025-03-12,0.5761,0.86395,-0.5566,75,4,Ripening
7,2025-03-15,0.5389,0.8082,-0.5241,78,4,Ripening
7,2025-03-22,0.49335,0.7399,-0.50245,85,4,Ripening
7,2025-03-25,0.4128,0.6191,-0.4329,88,4,Ripening
7,2025-03-27,0.37665,0.56485,-0.42255,90,4,Ripening
7,2025-03-29,0.34955,0.52425,-0.43005,92,4,Ripening
7,2025-03-30,0.32295,0.48435,-0.4008,93,4,Ripening
7,2025-04-01,0.2938,0.44065,-0.3944,95,4,Ripening
7,2025-04-06,0.22245,0.33365,-0.34515,100,4,Ripening
7,2025-04-09,0.1776,0.2663,-0.27945,103,4,Ripening
7,2025-04-11,0.2013,0.3019,-0.3162,105,4,Ripening
8,2024-12-27,0.1765,0.26475,-0.3204,0,1,Seedling
8,2025-01-11,0.22785,0.34175,-0.3183,15,1,Seedling
8,2025-01-19,0.2604,0.39055,-0.30055,23,1,Seedling
8,2025-01-26,0.3671,0.55055,-0.39275,30,2,Tillering
8,2025-01-29,0.26545,0.39805,-0.23855,33,2,Tillering
8,2025-01-31,0.38365,0.57535,-0.3563,35,2,Tillering
8,2025-02-03,0.47865,0.7178,-0.4263,38,2,Tillering
8,2025-02-08,0.47645,0.71455,-0.4515,43,3,Growth
8,2025-02-10,0.4834,0.72505,-0.46,45,3,Growth
8,2025-02-13,0.53395,0.8008,-0.5005,48,3,Growth
8,2025-02-15,0.5353,0.80285,-0.5151,50,3,Growth
8,2025-02-18,0.5415,0.8121,-0.51965,53,3,Growth
8,2025-02-23,0.3988,0.5981,-0.35215,58,3,Growth
8,2025-03-02,0.61765,0.9263,-0.5665,65,3,Growth
8,2025-03-05,0.68085,1.02115,-0.62245,68,3,Growth
8,2025-03-07,0.5796,0.8693,-0.5315,70,4,Ripening
8,2025-03-10,0.5552,0.83265,-0.512,73,4,Ripening
8,2025-03-12,0.64955,0.97425,-0.60935,75,4,Ripening
8,2025-03-15,0.59,0.8849,-0.5623,78,4,Ripening
8,2025-03-22,0.52075,0.781,-0.51655,85,4,Ripening
8,2025-03-25,0.41765,0.6263,-0.43475,88,4,Ripening
8,2025-03-27,0.37415,0.56115,-0.42435,90,4,Ripening
8,2025-03-29,0.34335,0.515,-0.4397,92,4,Ripening
8,2025-03-30,0.32945,0.49405,-0.41955,93,4,Ripening
8,2025-04-01,0.294525,0.441725,-0.40595,95,4,Ripening
8,2025-04-06,0.22485,0.3372,-0.35365,100,4,Ripening
8,2025-04-09,0.18125,0.2718,-0.28275,103,4,Ripening
8,2025-04-11,0.20455,0.30675,-0.31455,105,4,Ripening
9,2024-12-27,0.1669,0.25035,-0.3293,0,1,Seedling
9,2025-01-11,0.2435,0.3652,-0.3287,15,1,Seedling
9,2025-01-19,0.3423,0.51335,-0.41215,23,1,Seedling
9,2025-01-26,0.4406,0.6608,-0.448,30,2,Tillering
9,2025-01-29,0.3401,0.51005,-0.30045,33,2,Tillering
9,2025-01-31,0.477,0.7154,-0.4392,35,2,Tillering
9,2025-02-03,0.55925,0.83865,-0.50805,38,2,Tillering
9,2025-02-08,0.61025,0.91525,-0.56235,43,2,Tillering
9,2025-02-10,0.61435,0.9213,-0.5679,45,2,Tillering
9,2025-02-13,0.67865,1.0178,-0.61895,48,3,Growth
9,2025-02-15,0.6934,1.03995,-0.64435,50,3,Growth
9,2025-02-18,0.6822,1.0232,-0.63235,53,3,Growth
9,2025-02-23,0.47765,0.7164,-0.4159,58,3,Growth
9,2025-03-02,0.71175,1.0675,-0.6487,65,3,Growth
9,2025-03-05,0.75795,1.13675,-0.6975,68,3,Growth
9,2025-03-07,0.6605,0.9906,-0.59595,70,4,Ripening
9,2025-03-10,0.6275,0.9411,-0.58105,73,4,Ripening
9,2025-03-12,0.7222,1.08315,-0.67565,75,4,Ripening
9,2025-03-15,0.6567,0.9848,-0.6202,78,4,Ripening
9,2025-03-22,0.5603,0.8403,-0.54835,85,4,Ripening
9,2025-03-25,0.4246,0.6368,-0.44385,88,4,Ripening
9,2025-03-27,0.37995,0.56985,-0.4373,90,4,Ripening
9,2025-03-29,0.3626,0.54385,-0.4664,92,4,Ripening
9,2025-03-30,0.3409,0.51125,-0.43235,93,4,Ripening
9,2025-04-01,0.2981,0.44705,-0.417075,95,4,Ripening
9,2025-04-06,0.2243,0.33635,-0.358,100,4,Ripening
9,2025-04-09,0.17695,0.26535,-0.28485,103,4,Ripening
9,2025-04-11,0.19315,0.28965,-0.32215,105,4,Ripening
10,2024-12-27,0.1444,0.2165,-0.3142,0,1,Seedling
10,2025-01-11,0.22365,0.3354,-0.3311,15,1,Seedling
10,2025-01-19,0.289,0.4334,-0.3536,23,1,Seedling
10,2025-01-26,0.38505,0.57745,-0.4122,30,2,Tillering
10,2025-01-29,0.30725,0.46075,-0.28365,33,2,Tillering
10,2025-01-31,0.4397,0.6594,-0.4093,35,2,Tillering
10,2025-02-03,0.5241,0.786,-0.4854,38,2,Tillering
10,2025-02-08,0.5605,0.8406,-0.5297,43,2,Tillering
10,2025-02-10,0.56245,0.8436,-0.53445,45,2,Tillering
10,2025-02-13,0.62755,0.9412,-0.58175,48,2,Tillering
10,2025-02-15,0.6345,0.9516,-0.6047,50,3,Growth
10,2025-02-18,0.6441,0.96595,-0.60505,53,3,Growth
10,2025-02-23,0.46735,0.70095,-0.4051,58,3,Growth
10,2025-03-02,0.68805,1.0319,-0.6288,65,3,Growth
10,2025-03-05,0.74315,1.11455,-0.68385,68,3,Growth
10,2025-03-07,0.6534,0.98,-0.59455,70,4,Ripening
10,2025-03-10,0.6252,0.9377,-0.57545,73,4,Ripening
10,2025-03-12,0.71425,1.07125,-0.6686,75,4,Ripening
10,2025-03-15,0.6562,0.98415,-0.61955,78,4,Ripening
10,2025-03-22,0.55215,0.8281,-0.5503,85,4,Ripening
10,2025-03-25,0.4353,0.65285,-0.4545,88,4,Ripening
10,2025-03-27,0.3917,0.58745,-0.4444,90,4,Ripening
10,2025-03-29,0.3653,0.54785,-0.4656,92,4,Ripening
10,2025-03-30,0.33625,0.5043,-0.42895,93,4,Ripening
10,2025-04-01,0.298225,0.447225,-0.4156,95,4,Ripening
10,2025-04-06,0.21805,0.327,-0.35615,100,4,Ripening
10,2025-04-09,0.1747,0.26195,-0.2857,103,4,Ripening
10,2025-04-11,0.1858,0.2787,-0.31505,105,4,Ripening
11,2024-12-27,0.1414,0.212,-0.3104,0,1,Seedling
11,2025-01-11,0.226,0.33895,-0.3331,15,1,Seedling
11,2025-01-19,0.2929,0.43925,-0.35365,23,1,Seedling
11,2025-01-26,0.4065,0.6096,-0.4216,30,2,Tillering
11,2025-01-29,0.31355,0.4702,-0.288,33,2,Tillering
11,2025-01-31,0.4513,0.67685,-0.4144,35,2,Tillering
11,2025-02-03,0.5356,0.8032,-0.49245,38,2,Tillering
11,2025-02-08,0.5748,0.86205,-0.5354,43,2,Tillering
11,2025-02-10,0.57935,0.86895,-0.5415,45,2,Tillering
11,2025-02-13,0.63965,0.9593,-0.5903,48,2,Tillering
11,2025-02-15,0.64695,0.9703,-0.6118,50,2,Tillering
11,2025-02-18,0.65735,0.98585,-0.61265,53,3,Growth
11,2025-02-23,0.47445,0.7116,-0.41085,58,3,Growth
11,2025-03-02,0.71195,1.06775,-0.64605,65,3,Growth
11,2025-03-05,0.7706,1.15575,-0.7037,68,3,Growth
11,2025-03-07,0.682,1.0228,-0.61915,70,4,Ripening
11,2025-03-10,0.65655,0.9847,-0.5967,73,4,Ripening
11,2025-03-12,0.75825,1.13715,-0.6969,75,4,Ripening
11,2025-03-15,0.6932,1.0396,-0.64445,78,4,Ripening
11,2025-03-22,0.59655,0.89465,-0.57945,85,4,Ripening
11,2025-03-25,0.45955,0.68915,-0.46975,88,4,Ripening
11,2025-03-27,0.41655,0.62475,-0.46275,90,4,Ripening
11,2025-03-29,0.38775,0.5815,-0.48485,92,4,Ripening
11,2025-03-30,0.3569,0.5353,-0.447,93,4,Ripening
11,2025-04-01,0.311875,0.467775,-0.430425,95,4,Ripening
11,2025-04-06,0.22525,0.33785,-0.3668,100,4,Ripening
11,2025-04-09,0.17905,0.2685,-0.29405,103,4,Ripening
11,2025-04-11,0.1854,0.2781,-0.3143,105,4,Ripening
12,2024-12-27,0.1476,0.22135,-0.3033,0,1,Seedling
12,2025-01-11,0.2298,0.34465,-0.3271,15,1,Seedling
12,2025-01-19,0.36785,0.55165,-0.44515,23,2,Tillering
12,2025-01-26,0.4841,0.72605,-0.4469,30,2,Tillering
12,2025-01-29,0.35975,0.5395,-0.3006,33,2,Tillering
12,2025-01-31,0.513,0.7694,-0.4513,35,2,Tillering
12,2025-02-03,0.5763,0.8642,-0.50635,38,2,Tillering
12,2025-02-08,0.6355,0.95305,-0.5702,43,2,Tillering
12,2025-02-10,0.64535,0.9679,-0.5757,45,2,Tillering
12,2025-02-13,0.6966,1.04475,-0.6208,48,2,Tillering
12,2025-02-15,0.72785,1.09155,-0.65175,50,3,Growth
12,2025-02-18,0.7306,1.0957,-0.65745,53,3,Growth
12,2025-02-23,0.51765,0.7764,-0.44215,58,3,Growth
12,2025-03-02,0.77585,1.1636,-0.68235,65,3,Growth
12,2025-03-05,0.83025,1.24515,-0.7428,68,3,Growth
12,2025-03-07,0.7381,1.10695,-0.65855,70,4,Ripening
12,2025-03-10,0.7125,1.06865,-0.63265,73,4,Ripening
12,2025-03-12,0.82655,1.23965,-0.739,75,4,Ripening
12,2025-03-15,0.75045,1.12545,-0.6805,78,4,Ripening
12,2025-03-22,0.65575,0.9835,-0.61675,85,4,Ripening
12,2025-03-25,0.50995,0.76475,-0.498,88,4,Ripening
12,2025-03-27,0.47085,0.70615,-0.49555,90,4,Ripening
12,2025-03-29,0.45565,0.6833,-0.5407,92,4,Ripening
12,2025-03-30,0.41675,0.62495,-0.4885,93,4,Ripening
12,2025-04-01,0.364125,0.5461,-0.470625,95,4,Ripening
12,2025-04-06,0.2516,0.37735,-0.39095,100,4,Ripening
12,2025-04-09,0.1857,0.2785,-0.29675,103,4,Ripening
12,2025-04-11,0.1888,0.2832,-0.3173,105,4,Ripening
13,2024-12-27,0.12865,0.1929,-0.2848,0,1,Seedling
13,2025-01-11,0.23065,0.34595,-0.3127,15,1,Seedling
13,2025-01-19,0.3883,0.58225,-0.4373,23,2,Tillering
13,2025-01-26,0.4876,0.7312,-0.43785,30,3,Growth
13,2025-01-29,0.3486,0.52285,-0.2882,33,3,Growth
13,2025-01-31,0.51855,0.7777,-0.4475,35,3,Growth
13,2025-02-03,0.5903,0.88525,-0.5194,38,3,Growth
13,2025-02-08,0.6416,0.9623,-0.57185,43,3,Growth
13,2025-02-10,0.6498,0.97455,-0.57285,45,3,Growth
13,2025-02-13,0.70005,1.05,-0.62245,48,3,Growth
13,2025-02-15,0.72215,1.08305,-0.6442,50,3,Growth
13,2025-02-18,0.70905,1.06345,-0.63985,53,3,Growth
13,2025-02-23,0.49745,0.7461,-0.4262,58,3,Growth
13,2025-03-02,0.7376,1.10625,-0.6558,65,3,Growth
13,2025-03-05,0.76945,1.154,-0.69765,68,3,Growth
13,2025-03-07,0.6835,1.0251,-0.6128,70,4,Ripening
13,2025-03-10,0.6521,0.978,-0.59035,73,4,Ripening
13,2025-03-12,0.74545,1.118,-0.6753,75,4,Ripening
13,2025-03-15,0.69095,1.03625,-0.6273,78,4,Ripening
13,2025-03-22,0.59045,0.88545,-0.5565,85,4,Ripening
13,2025-03-25,0.43765,0.65635,-0.43775,88,4,Ripening
13,2025-03-27,0.4015,0.60215,-0.442,90,4,Ripening
13,2025-03-29,0.39085,0.5862,-0.48135,92,4,Ripening
13,2025-03-30,0.35755,0.5363,-0.44215,93,4,Ripening
13,2025-04-01,0.314675,0.47195,-0.4261,95,4,Ripening
13,2025-04-06,0.23445,0.35165,-0.36515,100,4,Ripening
13,2025-04-09,0.18345,0.2751,-0.2832,103,4,Ripening
13,2025-04-11,0.1905,0.28565,-0.3094,105,4,Ripening
14,2024-12-27,0.35215,0.52815,-0.4511,0,1,Seedling
14,2025-01-11,0.5713,0.8568,-0.5035,15,2,Tillering
14,2025-01-19,0.7101,1.06495,-0.60955,23,2,Tillering
14,2025-01-26,0.77605,1.16395,-0.6649,30,3,Growth
14,2025-01-29,0.575,0.86235,-0.49165,33,3,Growth
14,2025-01-31,0.7196,1.0793,-0.62275,35,3,Growth
14,2025-02-03,0.80155,1.20215,-0.70785,38,3,Growth
14,2025-02-08,0.8265,1.2396,-0.7401,43,3,Growth
14,2025-02-10,0.83155,1.24725,-0.7393,45,3,Growth
14,2025-02-13,0.8442,1.26615,-0.75145,48,3,Growth
14,2025-02-15,0.88055,1.32075,-0.7798,50,3,Growth
14,2025-02-18,0.7665,1.1497,-0.69455,53,4,Ripening
14,2025-02-23,0.54455,0.8167,-0.47915,58,4,Ripening
14,2025-03-02,0.8125,1.21865,-0.73095,65,4,Ripening
14,2025-03-05,0.85145,1.2771,-0.77965,68,4,Ripening
14,2025-03-07,0.756,1.13385,-0.68435,70,4,Ripening
14,2025-03-10,0.7158,1.0736,-0.6534,73,4,Ripening
14,2025-03-12,0.8156,1.22325,-0.7418,75,4,Ripening
14,2025-03-15,0.75075,1.1259,-0.70245,78,4,Ripening
14,2025-03-22,0.6117,0.9174,-0.6082,85,4,Ripening
14,2025-03-25,0.4814,0.72195,-0.49915,88,4,Ripening
14,2025-03-27,0.41575,0.6235,-0.4816,90,4,Ripening
14,2025-03-29,0.40935,0.614,-0.5179,92,4,Ripening
14,2025-03-30,0.36185,0.5427,-0.46585,93,4,Ripening
14,2025-04-01,0.35915,0.538675,-0.4793,95,4,Ripening
14,2025-04-06,0.30005,0.45005,-0.4323,100,4,Ripening
14,2025-04-09,0.24805,0.37205,-0.34475,103,4,Ripening
14,2025-04-11,0.2709,0.4063,-0.38045,105,4,Ripening
15,2024-12-27,0.43765,0.6563,-0.47285,0,2,Tillering
15,2025-01-11,0.6114,0.91695,-0.562,15,2,Tillering
15,2025-01-19,0.70925,1.06365,-0.6247,23,3,Growth
15,2025-01-26,0.7749,1.16225,-0.65945,30,3,Growth
15,2025-01-29,0.60055,0.9007,-0.5129,33,3,Growth
15,2025-01-31,0.7332,1.0997,-0.63,35,3,Growth
15,2025-02-03,0.7892,1.1836,-0.68745,38,3,Growth
15,2025-02-08,0.79685,1.19515,-0.70365,43,3,Growth
15,2025-02-10,0.8041,1.20595,-0.7041,45,3,Growth
15,2025-02-13,0.8053,1.20775,-0.71295,48,3,Growth
15,2025-02-15,0.83425,1.25125,-0.73535,50,3,Growth
15,2025-02-18,0.7179,1.07675,-0.6445,53,4,Ripening
15,2025-02-23,0.51795,0.77685,-0.44405,58,4,Ripening
15,2025-03-02,0.74505,1.1175,-0.6772,65,4,Ripening
15,2025-03-05,0.7805,1.17055,-0.7187,68,4,Ripening
15,2025-03-07,0.66755,1.00125,-0.6127,70,4,Ripening
15,2025-03-10,0.6113,0.91685,-0.57165,73,4,Ripening
15,2025-03-12,0.668,1.0019,-0.6452,75,4,Ripening
15,2025-03-15,0.5933,0.88975,-0.61025,78,4,Ripening
15,2025-03-22,0.4516,0.67725,-0.53385,85,4,Ripening
15,2025-03-25,0.3794,0.56895,-0.45485,88,4,Ripening
15,2025-03-27,0.3481,0.52205,-0.4507,90,4,Ripening
15,2025-03-29,0.36615,0.54915,-0.49345,92,4,Ripening
15,2025-03-30,0.3469,0.52025,-0.45415,93,4,Ripening
15,2025-04-01,0.3385,0.507625,-0.46055,95,4,Ripening
15,2025-04-06,0.2952,0.44275,-0.4142,100,4,Ripening
15,2025-04-09,0.2527,0.379,-0.336,103,4,Ripening
15,2025-04-11,0.2905,0.4357,-0.37755,105,4,Ripening
16,2024-12-27,0.3523,0.5284,-0.4511,0,1,Seedling
16,2025-01-11,0.5707,0.8559,-0.50365,15,2,Tillering
16,2025-01-19,0.7088,1.06305,-0.609,23,2,Tillering
16,2025-01-26,0.77535,1.1629,-0.66415,30,3,Growth
16,2025-01-29,0.57435,0.8614,-0.49115,33,3,Growth
16,2025-01-31,0.7193,1.07885,-0.62255,35,3,Growth
16,2025-02-03,0.80125,1.2017,-0.70735,38,3,Growth
16,2025-02-08,0.826,1.2389,-0.7396,43,3,Growth
16,2025-02-10,0.83095,1.2463,-0.73885,45,3,Growth
16,2025-02-13,0.8438,1.26555,-0.75105,48,3,Growth
16,2025-02-15,0.87975,1.3195,-0.7795,50,3,Growth
16,2025-02-18,0.76615,1.14905,-0.69415,53,4,Ripening
16,2025-02-23,0.5442,0.8162,-0.47875,58,4,Ripening
16,2025-03-02,0.81245,1.21855,-0.7305,65,4,Ripening
16,2025-03-05,0.851,1.27635,-0.77925,68,4,Ripening
16,2025-03-07,0.7559,1.1337,-0.684,70,4,Ripening
16,2025-03-10,0.71555,1.0732,-0.65305,73,4,Ripening
16,2025-03-12,0.81485,1.22215,-0.7412,75,4,Ripening
16,2025-03-15,0.7501,1.12495,-0.70185,78,4,Ripening
16,2025-03-22,0.61065,0.91575,-0.60745,85,4,Ripening
16,2025-03-25,0.4809,0.7212,-0.4988,88,4,Ripening
16,2025-03-27,0.4153,0.6229,-0.48145,90,4,Ripening
16,2025-03-29,0.40905,0.6135,-0.51745,92,4,Ripening
16,2025-03-30,0.3616,0.54235,-0.4659,93,4,Ripening
16,2025-04-01,0.359,0.5384,-0.47925,95,4,Ripening
16,2025-04-06,0.2999,0.4498,-0.43205,100,4,Ripening
16,2025-04-09,0.2479,0.3718,-0.3444,103,4,Ripening
16,2025-04-11,0.2706,0.40585,-0.38,105,4,Ripening
17,2024-12-27,0.2988,0.4481,-0.3661,0,1,Seedling
17,2025-01-11,0.53065,0.79585,-0.47785,15,2,Tillering
17,2025-01-19,0.66925,1.0037,-0.5951,23,2,Tillering
17,2025-01-26,0.70785,1.0616,-0.613,30,3,Growth
17,2025-01-29,0.54375,0.8155,-0.4715,33,3,Growth
17,2025-01-31,0.68075,1.02095,-0.5941,35,3,Growth
17,2025-02-03,0.75245,1.12855,-0.66735,38,3,Growth
17,2025-02-08,0.77075,1.1559,-0.6915,43,3,Growth
17,2025-02-10,0.77955,1.16915,-0.69195,45,3,Growth
17,2025-02-13,0.8073,1.2108,-0.7132,48,3,Growth
17,2025-02-15,0.8409,1.26115,-0.74605,50,3,Growth
17,2025-02-18,0.73755,1.1062,-0.66175,53,4,Ripening
17,2025-02-23,0.5236,0.7853,-0.4521,58,4,Ripening
17,2025-03-02,0.7723,1.15835,-0.70045,65,4,Ripening
17,2025-03-05,0.80975,1.21445,-0.7417,68,4,Ripening
17,2025-03-07,0.6957,1.0434,-0.63625,70,4,Ripening
17,2025-03-10,0.65265,0.9788,-0.5925,73,4,Ripening
17,2025-03-12,0.7253,1.0878,-0.67285,75,4,Ripening
17,2025-03-15,0.64995,0.9748,-0.6208,78,4,Ripening
17,2025-03-22,0.469,0.7034,-0.5248,85,4,Ripening
17,2025-03-25,0.36565,0.54835,-0.44615,88,4,Ripening
17,2025-03-27,0.33585,0.50365,-0.43785,90,4,Ripening
17,2025-03-29,0.33645,0.50455,-0.4673,92,4,Ripening
17,2025-03-30,0.3347,0.5019,-0.44075,93,4,Ripening
17,2025-04-01,0.311725,0.46755,-0.4458,95,4,Ripening
17,2025-04-06,0.29365,0.44045,-0.398,100,4,Ripening
17,2025-04-09,0.2578,0.3866,-0.3437,103,4,Ripening
17,2025-04-11,0.27145,0.4071,-0.35315,105,4,Ripening
18,2024-12-27,0.36745,0.55105,-0.4357,0,1,Seedling
18,2025-01-11,0.6134,0.92005,-0.5445,15,2,Tillering
18,2025-01-19,0.7435,1.1151,-0.6327,23,2,Tillering
18,2025-01-26,0.8061,1.209,-0.6841,30,3,Growth
18,2025-01-29,0.61215,0.91805,-0.5174,33,3,Growth
18,2025-01-31,0.7601,1.14,-0.6561,35,3,Growth
18,2025-02-03,0.81895,1.22825,-0.70795,38,3,Growth
18,2025-02-08,0.82925,1.24365,-0.72885,43,3,Growth
18,2025-02-10,0.8257,1.2384,-0.7185,45,3,Growth
18,2025-02-13,0.8426,1.26375,-0.7383,48,3,Growth
18,2025-02-15,0.8756,1.31325,-0.765,50,3,Growth
18,2025-02-18,0.7516,1.12725,-0.6671,53,4,Ripening
18,2025-02-23,0.546,0.8189,-0.47295,58,4,Ripening
18,2025-03-02,0.79095,1.18625,-0.71245,65,4,Ripening
18,2025-03-05,0.82265,1.23375,-0.7567,68,4,Ripening
18,2025-03-07,0.6957,1.04345,-0.6261,70,4,Ripening
18,2025-03-10,0.64155,0.96215,-0.59125,73,4,Ripening
18,2025-03-12,0.70635,1.0594,-0.6822,75,4,Ripening
18,2025-03-15,0.5968,0.8951,-0.61675,78,4,Ripening
18,2025-03-22,0.4169,0.6252,-0.526,85,4,Ripening
18,2025-03-25,0.3322,0.4982,-0.43075,88,4,Ripening
18,2025-03-27,0.3133,0.4699,-0.44055,90,4,Ripening
18,2025-03-29,0.31305,0.4695,-0.46635,92,4,Ripening
18,2025-03-30,0.31795,0.4769,-0.43925,93,4,Ripening
18,2025-04-01,0.2781,0.4171,-0.41185,95,4,Ripening
18,2025-04-06,0.2467,0.36995,-0.37375,100,4,Ripening
18,2025-04-09,0.2228,0.3342,-0.3183,103,4,Ripening
18,2025-04-11,0.23245,0.34865,-0.3314,105,4,Ripening
19,2024-12-27,0.1658,0.24865,-0.3164,0,1,Seedling
19,2025-01-11,0.29745,0.4461,-0.35995,15,1,Seedling
19,2025-01-19,0.4829,0.72415,-0.4893,23,2,Tillering
19,2025-01-26,0.54335,0.8149,-0.47925,30,3,Growth
19,2025-01-29,0.39165,0.5874,-0.32975,33,3,Growth
19,2025-01-31,0.5668,0.8501,-0.49455,35,3,Growth
19,2025-02-03,0.64765,0.97125,-0.57375,38,3,Growth
19,2025-02-08,0.67735,1.0159,-0.60595,43,3,Growth
19,2025-02-10,0.6879,1.0317,-0.6053,45,3,Growth
19,2025-02-13,0.72335,1.08485,-0.64905,48,3,Growth
19,2025-02-15,0.7479,1.1217,-0.66845,50,3,Growth
19,2025-02-18,0.74475,1.117,-0.676,53,3,Growth
19,2025-02-23,0.5117,0.76745,-0.44325,58,3,Growth
19,2025-03-02,0.7455,1.1181,-0.6655,65,3,Growth
19,2025-03-05,0.77095,1.1563,-0.698,68,3,Growth
19,2025-03-07,0.7129,1.06925,-0.6367,70,3,Growth
19,2025-03-10,0.6588,0.98805,-0.59015,73,3,Growth
19,2025-03-12,0.77385,1.16065,-0.6901,75,3,Growth
19,2025-03-15,0.70745,1.061,-0.6445,78,4,Ripening
19,2025-03-22,0.5986,0.8977,-0.5711,85,4,Ripening
19,2025-03-25,0.46515,0.69755,-0.4698,88,4,Ripening
19,2025-03-27,0.4201,0.6301,-0.4576,90,4,Ripening
19,2025-03-29,0.4051,0.60755,-0.48795,92,4,Ripening
19,2025-03-30,0.3755,0.56315,-0.4503,93,4,Ripening
19,2025-04-01,0.3359,0.50375,-0.436325,95,4,Ripening
19,2025-04-06,0.2594,0.389,-0.3822,100,4,Ripening
19,2025-04-09,0.21235,0.31845,-0.3095,103,4,Ripening
19,2025-04-11,0.23045,0.3456,-0.3339,105,4,Ripening
20,2024-12-27,0.23405,0.35095,-0.37665,0,1,Seedling
20,2025-01-11,0.4315,0.6471,-0.46165,15,2,Tillering
20,2025-01-19,0.56665,0.84985,-0.53315,23,2,Tillering
20,2025-01-26,0.60615,0.90905,-0.5385,30,3,Growth
20,2025-01-29,0.48075,0.721,-0.4097,33,3,Growth
20,2025-01-31,0.62985,0.94465,-0.5544,35,3,Growth
20,2025-02-03,0.67075,1.006,-0.60385,38,3,Growth
20,2025-02-08,0.6812,1.0217,-0.6189,43,3,Growth
20,2025-02-10,0.6926,1.0388,-0.62925,45,3,Growth
20,2025-02-13,0.7022,1.0532,-0.64325,48,3,Growth
20,2025-02-15,0.7183,1.0773,-0.66025,50,3,Growth
20,2025-02-18,0.7284,1.0924,-0.66405,53,3,Growth
20,2025-02-23,0.49055,0.7357,-0.42365,58,4,Ripening
20,2025-03-02,0.68695,1.0303,-0.6273,65,4,Ripening
20,2025-03-05,0.68705,1.03045,-0.6609,68,4,Ripening
20,2025-03-07,0.58635,0.8794,-0.54945,70,4,Ripening
20,2025-03-10,0.5743,0.86135,-0.5483,73,4,Ripening
20,2025-03-12,0.58365,0.87535,-0.59255,75,4,Ripening
20,2025-03-15,0.5176,0.7763,-0.5573,78,4,Ripening
20,2025-03-22,0.4042,0.60625,-0.49635,85,4,Ripening
20,2025-03-25,0.3547,0.532,-0.44195,88,4,Ripening
20,2025-03-27,0.33115,0.4967,-0.4349,90,4,Ripening
20,2025-03-29,0.34065,0.5109,-0.46685,92,4,Ripening
20,2025-03-30,0.33775,0.5066,-0.4475,93,4,Ripening
20,2025-04-01,0.324325,0.4864,-0.442475,95,4,Ripening
20,2025-04-06,0.28895,0.43335,-0.40545,100,4,Ripening
20,2025-04-09,0.24775,0.37165,-0.33235,103,4,Ripening
20,2025-04-11,0.25995,0.38985,-0.3394,105,4,Ripening
21,2024-12-27,0.2464,0.3695,-0.37415,0,1,Seedling
21,2025-01-11,0.47325,0.70975,-0.47385,15,2,Tillering
21,2025-01-19,0.6394,0.95885,-0.5707,23,2,Tillering
21,2025-01-26,0.70085,1.05105,-0.5961,30,3,Growth
21,2025-01-29,0.5384,0.8075,-0.453,33,3,Growth
21,2025-01-31,0.7041,1.056,-0.6086,35,3,Growth
21,2025-02-03,0.76545,1.14805,-0.66965,38,3,Growth
21,2025-02-08,0.78,1.16985,-0.68885,43,3,Growth
21,2025-02-10,0.80395,1.2058,-0.7087,45,3,Growth
21,2025-02-13,0.82305,1.2344,-0.7263,48,3,Growth
21,2025-02-15,0.86555,1.29815,-0.76185,50,3,Growth
21,2025-02-18,0.83105,1.2464,-0.7473,53,4,Ripening
21,2025-02-23,0.5678,0.85165,-0.48955,58,4,Ripening
21,2025-03-02,0.79945,1.19905,-0.7134,65,4,Ripening
21,2025-03-05,0.82585,1.2386,-0.75805,68,4,Ripening
21,2025-03-07,0.69845,1.04755,-0.62225,70,4,Ripening
21,2025-03-10,0.6867,1.0299,-0.62995,73,4,Ripening
21,2025-03-12,0.7723,1.15825,-0.71285,75,4,Ripening
21,2025-03-15,0.6895,1.03405,-0.6647,78,4,Ripening
21,2025-03-22,0.52335,0.7849,-0.56665,85,4,Ripening
21,2025-03-25,0.4157,0.62345,-0.476,88,4,Ripening
21,2025-03-27,0.369,0.55345,-0.4625,90,4,Ripening
21,2025-03-29,0.3618,0.54265,-0.49005,92,4,Ripening
21,2025-03-30,0.3496,0.5243,-0.4593,93,4,Ripening
21,2025-04-01,0.325025,0.487475,-0.452025,95,4,Ripening
21,2025-04-06,0.277,0.4155,-0.39695,100,4,Ripening
21,2025-04-09,0.24815,0.3721,-0.33705,103,4,Ripening
21,2025-04-11,0.25465,0.3819,-0.3445,105,4,Ripening
22,2024-12-27,0.22185,0.3327,-0.3932,0,1,Seedling
22,2025-01-11,0.3268,0.49005,-0.422,15,1,Seedling
22,2025-01-19,0.4166,0.6248,-0.45385,23,2,Tillering
22,2025-01-26,0.4782,0.7171,-0.4399,30,3,Growth
22,2025-01-29,0.38255,0.57375,-0.33175,33,3,Growth
22,2025-01-31,0.49265,0.73885,-0.44455,35,3,Growth
22,2025-02-03,0.53495,0.80225,-0.50945,38,3,Growth
22,2025-02-08,0.57685,0.8651,-0.5463,43,3,Growth
22,2025-02-10,0.58355,0.8752,-0.5539,45,3,Growth
22,2025-02-13,0.6151,0.92255,-0.58075,48,3,Growth
22,2025-02-15,0.6416,0.96225,-0.60535,50,3,Growth
22,2025-02-18,0.6474,0.97095,-0.6096,53,3,Growth
22,2025-02-23,0.47865,0.7179,-0.41375,58,3,Growth
22,2025-03-02,0.7223,1.08325,-0.6358,65,3,Growth
22,2025-03-05,0.75555,1.1331,-0.6859,68,3,Growth
22,2025-03-07,0.67005,1.0049,-0.60245,70,4,Ripening
22,2025-03-10,0.6614,0.99195,-0.60435,73,4,Ripening
22,2025-03-12,0.73405,1.1009,-0.67605,75,4,Ripening
22,2025-03-15,0.69905,1.04845,-0.65635,78,4,Ripening
22,2025-03-22,0.6346,0.9518,-0.6071,85,4,Ripening
22,2025-03-25,0.51525,0.7727,-0.51005,88,4,Ripening
22,2025-03-27,0.4837,0.72535,-0.50385,90,4,Ripening
22,2025-03-29,0.4836,0.7253,-0.54005,92,4,Ripening
22,2025-03-30,0.44435,0.6664,-0.49765,93,4,Ripening
22,2025-04-01,0.4126,0.6188,-0.494575,95,4,Ripening
22,2025-04-06,0.30485,0.45725,-0.42045,100,4,Ripening
22,2025-04-09,0.2435,0.3652,-0.3349,103,4,Ripening
22,2025-04-11,0.26115,0.3917,-0.36365,105,4,Ripening
23,2024-12-27,0.18625,0.27935,-0.34915,0,1,Seedling
23,2025-01-11,0.3392,0.5087,-0.42585,15,1,Seedling
23,2025-01-19,0.4927,0.7389,-0.4863,23,2,Tillering
23,2025-01-26,0.56545,0.84805,-0.49675,30,3,Growth
23,2025-01-29,0.4339,0.6508,-0.37115,33,3,Growth
23,2025-01-31,0.56435,0.8464,-0.49065,35,3,Growth
23,2025-02-03,0.638,0.95685,-0.56595,38,3,Growth
23,2025-02-08,0.6778,1.01655,-0.60775,43,3,Growth
23,2025-02-10,0.69685,1.0451,-0.6212,45,3,Growth
23,2025-02-13,0.7284,1.0925,-0.6549,48,3,Growth
23,2025-02-15,0.78625,1.17915,-0.69735,50,3,Growth
23,2025-02-18,0.7586,1.1378,-0.68305,53,3,Growth
23,2025-02-23,0.53245,0.7986,-0.4577,58,3,Growth
23,2025-03-02,0.7855,1.1781,-0.69455,65,3,Growth
23,2025-03-05,0.8258,1.2385,-0.74835,68,3,Growth
23,2025-03-07,0.72265,1.08385,-0.6436,70,4,Ripening
23,2025-03-10,0.697,1.04535,-0.6296,73,4,Ripening
23,2025-03-12,0.80755,1.2111,-0.73935,75,4,Ripening
23,2025-03-15,0.7528,1.12905,-0.7014,78,4,Ripening
23,2025-03-22,0.6711,1.0065,-0.6356,85,4,Ripening
23,2025-03-25,0.5235,0.7851,-0.5188,88,4,Ripening
23,2025-03-27,0.47895,0.71835,-0.5104,90,4,Ripening
23,2025-03-29,0.47035,0.7054,-0.5458,92,4,Ripening
23,2025-03-30,0.43255,0.6487,-0.50175,93,4,Ripening
23,2025-04-01,0.387425,0.581025,-0.4896,95,4,Ripening
23,2025-04-06,0.28445,0.42665,-0.4154,100,4,Ripening
23,2025-04-09,0.22465,0.33695,-0.3269,103,4,Ripening
23,2025-04-11,0.22385,0.3357,-0.33085,105,4,Ripening
24,2024-12-27,0.2027,0.304,-0.35455,0,1,Seedling
24,2025-01-11,0.3223,0.4834,-0.39355,15,1,Seedling
24,2025-01-19,0.45045,0.6755,-0.4729,23,2,Tillering
24,2025-01-26,0.54005,0.80995,-0.4743,30,3,Growth
24,2025-01-29,0.41785,0.6267,-0.35335,33,3,Growth
24,2025-01-31,0.5439,0.8157,-0.46115,35,3,Growth
24,2025-02-03,0.5719,0.8577,-0.50975,38,3,Growth
24,2025-02-08,0.59205,0.88795,-0.5324,43,3,Growth
24,2025-02-10,0.60545,0.908,-0.54455,45,3,Growth
24,2025-02-13,0.6417,0.9624,-0.58035,48,3,Growth
24,2025-02-15,0.6746,1.0118,-0.60645,50,3,Growth
24,2025-02-18,0.6871,1.03045,-0.6234,53,3,Growth
24,2025-02-23,0.49505,0.7425,-0.42455,58,3,Growth
24,2025-03-02,0.7335,1.1001,-0.64225,65,3,Growth
24,2025-03-05,0.7638,1.14555,-0.6873,68,3,Growth
24,2025-03-07,0.66415,0.9961,-0.5835,70,3,Growth
24,2025-03-10,0.67035,1.0054,-0.5973,73,3,Growth
24,2025-03-12,0.7798,1.1695,-0.6954,75,3,Growth
24,2025-03-15,0.73665,1.1048,-0.6669,78,4,Ripening
24,2025-03-22,0.6697,1.0044,-0.61855,85,4,Ripening
24,2025-03-25,0.537,0.8054,-0.51015,88,4,Ripening
24,2025-03-27,0.5148,0.77205,-0.5089,90,4,Ripening
24,2025-03-29,0.52555,0.78815,-0.55525,92,4,Ripening
24,2025-03-30,0.47205,0.708,-0.5025,93,4,Ripening
24,2025-04-01,0.435325,0.65285,-0.488075,95,4,Ripening
24,2025-04-06,0.32755,0.4912,-0.4266,100,4,Ripening
24,2025-04-09,0.2532,0.37965,-0.3298,103,4,Ripening
24,2025-04-11,0.2695,0.40425,-0.3635,105,4,Ripening
25,2024-12-27,0.23745,0.35615,-0.382,0,1,Seedling
25,2025-01-11,0.4208,0.63105,-0.4543,15,2,Tillering
25,2025-01-19,0.56605,0.8489,-0.5362,23,2,Tillering
25,2025-01-26,0.62835,0.9424,-0.5543,30,3,Growth
25,2025-01-29,0.5012,0.75165,-0.42695,33,3,Growth
25,2025-01-31,0.66005,0.9899,-0.57795,35,3,Growth
25,2025-02-03,0.70555,1.0581,-0.6213,38,3,Growth
25,2025-02-08,0.72755,1.09125,-0.6457,43,3,Growth
25,2025-02-10,0.75865,1.13775,-0.6708,45,3,Growth
25,2025-02-13,0.77115,1.15665,-0.69025,48,3,Growth
25,2025-02-15,0.8064,1.2094,-0.7154,50,3,Growth
25,2025-02-18,0.78755,1.1812,-0.71005,53,4,Ripening
25,2025-02-23,0.5448,0.81705,-0.4662,58,4,Ripening
25,2025-03-02,0.7736,1.16025,-0.68695,65,4,Ripening
25,2025-03-05,0.7888,1.18305,-0.726,68,4,Ripening
25,2025-03-07,0.66315,0.99465,-0.5966,70,4,Ripening
25,2025-03-10,0.66105,0.99145,-0.6087,73,4,Ripening
25,2025-03-12,0.73605,1.10395,-0.69295,75,4,Ripening
25,2025-03-15,0.66955,1.0042,-0.65125,78,4,Ripening
25,2025-03-22,0.5462,0.8192,-0.57495,85,4,Ripening
25,2025-03-25,0.4464,0.66955,-0.48945,88,4,Ripening
25,2025-03-27,0.4074,0.61095,-0.4788,90,4,Ripening
25,2025-03-29,0.41805,0.627,-0.52365,92,4,Ripening
25,2025-03-30,0.39565,0.59345,-0.48635,93,4,Ripening
25,2025-04-01,0.37235,0.55845,-0.47885,95,4,Ripening
25,2025-04-06,0.30265,0.45385,-0.41335,100,4,Ripening
25,2025-04-09,0.25305,0.37945,-0.33865,103,4,Ripening
25,2025-04-11,0.2629,0.3943,-0.34795,105,4,Ripening
27,2024-12-27,0.30095,0.4513,-0.4249,0,1,Seedling
27,2025-01-11,0.5169,0.7752,-0.4962,15,2,Tillering
27,2025-01-19,0.5541,0.831,-0.47605,23,2,Tillering
27,2025-01-26,0.7148,1.072,-0.60805,30,3,Growth
27,2025-01-29,0.54925,0.8238,-0.46105,33,3,Growth
27,2025-01-31,0.6879,1.03165,-0.5982,35,3,Growth
27,2025-02-03,0.73415,1.1011,-0.64905,38,3,Growth
27,2025-02-08,0.75955,1.13915,-0.6739,43,3,Growth
27,2025-02-10,0.77585,1.16365,-0.6809,45,3,Growth
27,2025-02-13,0.7749,1.16215,-0.6903,48,3,Growth
27,2025-02-15,0.8347,1.25185,-0.7178,50,3,Growth
27,2025-02-18,0.75765,1.1364,-0.6652,53,4,Ripening
27,2025-02-23,0.54965,0.82435,-0.4695,58,4,Ripening
27,2025-03-02,0.7908,1.18605,-0.6941,65,4,Ripening
27,2025-03-05,0.8315,1.2471,-0.73845,68,4,Ripening
27,2025-03-07,0.72405,1.08595,-0.653,70,4,Ripening
27,2025-03-10,0.71035,1.0654,-0.63825,73,4,Ripening
27,2025-03-12,0.76095,1.14125,-0.6962,75,4,Ripening
27,2025-03-15,0.72295,1.0842,-0.67265,78,4,Ripening
27,2025-03-22,0.60025,0.90025,-0.59955,85,4,Ripening
27,2025-03-25,0.50095,0.75135,-0.5092,88,4,Ripening
27,2025-03-27,0.45765,0.6864,-0.4956,90,4,Ripening
27,2025-03-29,0.46635,0.6994,-0.53835,92,4,Ripening
27,2025-03-30,0.40125,0.60175,-0.48075,93,4,Ripening
27,2025-04-01,0.42085,0.631225,-0.5031,95,4,Ripening
27,2025-04-06,0.34895,0.5233,-0.43955,100,4,Ripening
27,2025-04-09,0.26135,0.39195,-0.3446,103,4,Ripening
27,2025-04-11,0.3025,0.4537,-0.37785,105,4,Ripening
28,2024-12-27,0.268,0.40195,-0.42605,0,1,Seedling
28,2025-01-11,0.4601,0.69,-0.4772,15,2,Tillering
28,2025-01-19,0.5211,0.78155,-0.49655,23,2,Tillering
28,2025-01-26,0.55955,0.83925,-0.5456,30,3,Growth
28,2025-01-29,0.45855,0.68775,-0.4096,33,3,Growth
28,2025-01-31,0.59965,0.8993,-0.55915,35,3,Growth
28,2025-02-03,0.5842,0.8762,-0.56125,38,3,Growth
28,2025-02-08,0.65475,0.98195,-0.6138,43,3,Growth
28,2025-02-10,0.6862,1.0291,-0.6348,45,3,Growth
28,2025-02-13,0.6798,1.0196,-0.64075,48,3,Growth
28,2025-02-15,0.7346,1.10175,-0.6844,50,3,Growth
28,2025-02-18,0.7008,1.05105,-0.65835,53,3,Growth
28,2025-02-23,0.5063,0.75935,-0.45,58,3,Growth
28,2025-03-02,0.7195,1.0791,-0.6646,65,3,Growth
28,2025-03-05,0.7418,1.1125,-0.7056,68,3,Growth
28,2025-03-07,0.65795,0.9868,-0.61205,70,4,Ripening
28,2025-03-10,0.6331,0.94955,-0.60115,73,4,Ripening
28,2025-03-12,0.65995,0.9898,-0.64585,75,4,Ripening
28,2025-03-15,0.5818,0.8725,-0.5996,78,4,Ripening
28,2025-03-22,0.4354,0.653,-0.51175,85,4,Ripening
28,2025-03-25,0.35375,0.5305,-0.4391,88,4,Ripening
28,2025-03-27,0.31645,0.47465,-0.42685,90,4,Ripening
28,2025-03-29,0.3012,0.4518,-0.4421,92,4,Ripening
28,2025-03-30,0.2962,0.44415,-0.4254,93,4,Ripening
28,2025-04-01,0.273825,0.41065,-0.419125,95,4,Ripening
28,2025-04-06,0.21745,0.3261,-0.36395,100,4,Ripening
28,2025-04-09,0.19045,0.28565,-0.32,103,4,Ripening
28,2025-04-11,0.18695,0.2804,-0.30995,105,4,Ripening
29,2024-12-27,0.355,0.5324,-0.46575,0,1,Seedling
29,2025-01-11,0.65365,0.9803,-0.5924,15,2,Tillering
29,2025-01-19,0.7006,1.0507,-0.5868,23,2,Tillering
29,2025-01-26,0.86275,1.294,-0.74615,30,3,Growth
29,2025-01-29,0.63475,0.95205,-0.53955,33,3,Growth
29,2025-01-31,0.8222,1.2331,-0.71695,35,3,Growth
29,2025-02-03,0.8717,1.30735,-0.76935,38,3,Growth
29,2025-02-08,0.88845,1.33255,-0.79475,43,3,Growth
29,2025-02-10,0.8974,1.346,-0.7957,45,3,Growth
29,2025-02-13,0.89085,1.3362,-0.804,48,3,Growth
29,2025-02-15,0.92825,1.39225,-0.834,50,3,Growth
29,2025-02-18,0.85015,1.27505,-0.77515,53,4,Ripening
29,2025-02-23,0.62685,0.94015,-0.55245,58,4,Ripening
29,2025-03-02,0.85575,1.28345,-0.77125,65,4,Ripening
29,2025-03-05,0.89865,1.3478,-0.816,68,4,Ripening
29,2025-03-07,0.8051,1.20755,-0.72625,70,4,Ripening
29,2025-03-10,0.7639,1.1457,-0.6949,73,4,Ripening
29,2025-03-12,0.84575,1.2684,-0.7653,75,4,Ripening
29,2025-03-15,0.7743,1.1612,-0.7186,78,4,Ripening
29,2025-03-22,0.5555,0.8331,-0.59055,85,4,Ripening
29,2025-03-25,0.40975,0.6145,-0.48355,88,4,Ripening
29,2025-03-27,0.35305,0.52945,-0.47025,90,4,Ripening
29,2025-03-29,0.3151,0.4726,-0.4799,92,4,Ripening
29,2025-03-30,0.30765,0.4615,-0.4521,93,4,Ripening
29,2025-04-01,0.272625,0.408875,-0.444175,95,4,Ripening
29,2025-04-06,0.2189,0.32825,-0.38475,100,4,Ripening
29,2025-04-09,0.19165,0.2874,-0.3323,103,4,Ripening
29,2025-04-11,0.17085,0.2562,-0.31835,105,4,Ripening
30,2024-12-27,0.2036,0.3054,-0.3739,0,1,Seedling
30,2025-01-11,0.35135,0.52685,-0.42485,15,1,Seedling
30,2025-01-19,0.4508,0.6761,-0.44415,23,2,Tillering
30,2025-01-26,0.5477,0.8214,-0.4937,30,2,Tillering
30,2025-01-29,0.44095,0.6614,-0.38245,33,2,Tillering
30,2025-01-31,0.56955,0.8542,-0.50065,35,2,Tillering
30,2025-02-03,0.6346,0.95175,-0.57525,38,2,Tillering
30,2025-02-08,0.69935,1.04885,-0.63595,43,2,Tillering
30,2025-02-10,0.7205,1.08065,-0.6498,45,3,Growth
30,2025-02-13,0.74625,1.11915,-0.68005,48,3,Growth
30,2025-02-15,0.78915,1.1835,-0.71855,50,3,Growth
30,2025-02-18,0.72475,1.087,-0.66435,53,3,Growth
30,2025-02-23,0.51485,0.77215,-0.4443,58,3,Growth
30,2025-03-02,0.78315,1.1746,-0.7011,65,3,Growth
30,2025-03-05,0.82715,1.2405,-0.75715,68,3,Growth
30,2025-03-07,0.71845,1.0776,-0.64795,70,4,Ripening
30,2025-03-10,0.6987,1.0479,-0.63905,73,4,Ripening
30,2025-03-12,0.78835,1.1823,-0.7277,75,4,Ripening
30,2025-03-15,0.73195,1.0978,-0.69265,78,4,Ripening
30,2025-03-22,0.59665,0.89485,-0.60465,85,4,Ripening
30,2025-03-25,0.4571,0.6855,-0.49065,88,4,Ripening
30,2025-03-27,0.42275,0.63405,-0.48625,90,4,Ripening
30,2025-03-29,0.41655,0.6248,-0.52395,92,4,Ripening
30,2025-03-30,0.38415,0.57615,-0.48225,93,4,Ripening
30,2025-04-01,0.362275,0.543325,-0.484175,95,4,Ripening
30,2025-04-06,0.27105,0.40655,-0.4049,100,4,Ripening
30,2025-04-09,0.21475,0.3221,-0.3251,103,4,Ripening
30,2025-04-11,0.2165,0.3247,-0.3327,105,4,Ripening
31,2024-12-27,0.2028,0.30415,-0.35775,0,1,Seedling
31,2025-01-11,0.37955,0.56925,-0.45195,15,2,Tillering
31,2025-01-19,0.47715,0.7156,-0.47825,23,2,Tillering
31,2025-01-26,0.5091,0.76355,-0.4905,30,3,Growth
31,2025-01-29,0.43155,0.6472,-0.38445,33,3,Growth
31,2025-01-31,0.558,0.8369,-0.50825,35,3,Growth
31,2025-02-03,0.5991,0.89845,-0.5583,38,3,Growth
31,2025-02-08,0.67605,1.0139,-0.5951,43,3,Growth
31,2025-02-10,0.7048,1.05705,-0.60985,45,3,Growth
31,2025-02-13,0.7042,1.0561,-0.6251,48,3,Growth
31,2025-02-15,0.73315,1.09955,-0.6489,50,3,Growth
31,2025-02-18,0.71405,1.0709,-0.64735,53,3,Growth
31,2025-02-23,0.49635,0.7444,-0.4255,58,3,Growth
31,2025-03-02,0.7111,1.06655,-0.63225,65,3,Growth
31,2025-03-05,0.75205,1.1279,-0.6866,68,3,Growth
31,2025-03-07,0.6449,0.96725,-0.58295,70,4,Ripening
31,2025-03-10,0.6349,0.9522,-0.58135,73,4,Ripening
31,2025-03-12,0.729,1.09335,-0.65585,75,4,Ripening
31,2025-03-15,0.69435,1.04125,-0.62555,78,4,Ripening
31,2025-03-22,0.63175,0.9475,-0.59815,85,4,Ripening
31,2025-03-25,0.53425,0.8012,-0.5128,88,4,Ripening
31,2025-03-27,0.51575,0.77345,-0.5187,90,4,Ripening
31,2025-03-29,0.57335,0.85985,-0.599,92,4,Ripening
31,2025-03-30,0.51825,0.77725,-0.53445,93,4,Ripening
31,2025-04-01,0.520225,0.780175,-0.555875,95,4,Ripening
31,2025-04-06,0.4284,0.6425,-0.4899,100,4,Ripening
31,2025-04-09,0.3273,0.4909,-0.3679,103,4,Ripening
31,2025-04-11,0.38275,0.57405,-0.42155,105,4,Ripening
32,2024-12-27,0.32395,0.4858,-0.44225,0,1,Seedling
32,2025-01-11,0.49145,0.737,-0.50545,15,2,Tillering
32,2025-01-19,0.5855,0.8781,-0.55765,23,2,Tillering
32,2025-01-26,0.6354,0.953,-0.5659,30,3,Growth
32,2025-01-29,0.48085,0.7212,-0.4166,33,3,Growth
32,2025-01-31,0.6522,0.97825,-0.57715,35,3,Growth
32,2025-02-03,0.71575,1.07345,-0.63995,38,3,Growth
32,2025-02-08,0.7645,1.14655,-0.67385,43,3,Growth
32,2025-02-10,0.7899,1.18465,-0.69435,45,3,Growth
32,2025-02-13,0.7919,1.18775,-0.7066,48,3,Growth
32,2025-02-15,0.83175,1.2474,-0.73585,50,3,Growth
32,2025-02-18,0.78595,1.1787,-0.7158,53,4,Ripening
32,2025-02-23,0.51335,0.76995,-0.44265,58,4,Ripening
32,2025-03-02,0.7386,1.10775,-0.67725,65,4,Ripening
32,2025-03-05,0.7702,1.1551,-0.72765,68,4,Ripening
32,2025-03-07,0.66375,0.99555,-0.6176,70,4,Ripening
32,2025-03-10,0.62975,0.94455,-0.59205,73,4,Ripening
32,2025-03-12,0.69625,1.0442,-0.66995,75,4,Ripening
32,2025-03-15,0.62785,0.9416,-0.63145,78,4,Ripening
32,2025-03-22,0.5207,0.78095,-0.5586,85,4,Ripening
32,2025-03-25,0.4205,0.6307,-0.4624,88,4,Ripening
32,2025-03-27,0.4117,0.6174,-0.47455,90,4,Ripening
32,2025-03-29,0.4371,0.65555,-0.53435,92,4,Ripening
32,2025-03-30,0.4117,0.61745,-0.48475,93,4,Ripening
32,2025-04-01,0.4118,0.617575,-0.4999,95,4,Ripening
32,2025-04-06,0.3653,0.54785,-0.46855,100,4,Ripening
32,2025-04-09,0.30895,0.4634,-0.36605,103,4,Ripening
32,2025-04-11,0.3606,0.5408,-0.4222,105,4,Ripening
33,2024-12-27,0.5149,0.77225,-0.5364,0,2,Tillering
33,2025-01-11,0.63115,0.9466,-0.5821,15,2,Tillering
33,2025-01-19,0.71565,1.07335,-0.62945,23,3,Growth
33,2025-01-26,0.795,1.1924,-0.689,30,3,Growth
33,2025-01-29,0.5651,0.8475,-0.4897,33,3,Growth
33,2025-01-31,0.72615,1.0891,-0.64275,35,3,Growth
33,2025-02-03,0.81335,1.2198,-0.72695,38,3,Growth
33,2025-02-08,0.8037,1.20545,-0.7238,43,3,Growth
33,2025-02-10,0.80745,1.21105,-0.72615,45,3,Growth
33,2025-02-13,0.7983,1.1973,-0.7249,48,3,Growth
33,2025-02-15,0.8324,1.24845,-0.75725,50,3,Growth
33,2025-02-18,0.7607,1.1409,-0.7129,53,4,Ripening
33,2025-02-23,0.53335,0.79995,-0.4776,58,4,Ripening
33,2025-03-02,0.7225,1.0836,-0.6681,65,4,Ripening
33,2025-03-05,0.7454,1.118,-0.7017,68,4,Ripening
33,2025-03-07,0.65545,0.983,-0.61465,70,4,Ripening
33,2025-03-10,0.58355,0.87515,-0.5597,73,4,Ripening
33,2025-03-12,0.68,1.0199,-0.6626,75,4,Ripening
33,2025-03-15,0.60895,0.9133,-0.61275,78,4,Ripening
33,2025-03-22,0.48935,0.734,-0.53795,85,4,Ripening
33,2025-03-25,0.37135,0.557,-0.4301,88,4,Ripening
33,2025-03-27,0.3422,0.5132,-0.4337,90,4,Ripening
33,2025-03-29,0.3378,0.5066,-0.4648,92,4,Ripening
33,2025-03-30,0.32445,0.4866,-0.4364,93,4,Ripening
33,2025-04-01,0.286525,0.429725,-0.413175,95,4,Ripening
33,2025-04-06,0.22965,0.34435,-0.3678,100,4,Ripening
33,2025-04-09,0.1939,0.2908,-0.30395,103,4,Ripening
33,2025-04-11,0.20795,0.3119,-0.3373,105,4,Ripening
34,2024-12-27,0.665,0.9974,-0.62945,0,3,Growth
34,2025-01-11,0.65145,0.977,-0.59615,15,3,Growth
34,2025-01-19,0.72105,1.08145,-0.6351,23,3,Growth
34,2025-01-26,0.7455,1.11815,-0.6368,30,3,Growth
34,2025-01-29,0.5377,0.80645,-0.4598,33,4,Ripening
34,2025-01-31,0.6648,0.9971,-0.581,35,4,Ripening
34,2025-02-03,0.7315,1.09705,-0.6391,38,4,Ripening
34,2025-02-08,0.71595,1.07385,-0.63445,43,4,Ripening
34,2025-02-10,0.71965,1.0793,-0.6428,45,4,Ripening
34,2025-02-13,0.6951,1.04245,-0.63125,48,4,Ripening
34,2025-02-15,0.724,1.0858,-0.66195,50,4,Ripening
34,2025-02-18,0.6549,0.9822,-0.6232,53,4,Ripening
34,2025-02-23,0.4428,0.66415,-0.39885,58,4,Ripening
34,2025-03-02,0.5509,0.8262,-0.5514,65,4,Ripening
34,2025-03-05,0.5482,0.82215,-0.5661,68,4,Ripening
34,2025-03-07,0.48455,0.72675,-0.50965,70,4,Ripening
34,2025-03-10,0.4387,0.6579,-0.46365,73,4,Ripening
34,2025-03-12,0.4462,0.6692,-0.50625,75,4,Ripening
34,2025-03-15,0.41555,0.6233,-0.481,78,4,Ripening
34,2025-03-22,0.36435,0.54645,-0.4563,85,4,Ripening
34,2025-03-25,0.31225,0.4683,-0.3938,88,4,Ripening
34,2025-03-27,0.28825,0.4323,-0.3956,90,4,Ripening
34,2025-03-29,0.27525,0.4128,-0.4016,92,4,Ripening
34,2025-03-30,0.27205,0.408,-0.3845,93,4,Ripening
34,2025-04-01,0.2449,0.367275,-0.36985,95,4,Ripening
34,2025-04-06,0.20785,0.3117,-0.34105,100,4,Ripening
34,2025-04-09,0.1705,0.25575,-0.2809,103,4,Ripening
34,2025-04-11,0.19285,0.28925,-0.30915,105,4,Ripening
35,2024-12-27,0.27955,0.41925,-0.39265,0,1,Seedling
35,2025-01-11,0.4463,0.6693,-0.46485,15,2,Tillering
35,2025-01-19,0.56275,0.84395,-0.52005,23,2,Tillering
35,2025-01-26,0.6191,0.9285,-0.54665,30,3,Growth
35,2025-01-29,0.4511,0.6766,-0.3893,33,3,Growth
35,2025-01-31,0.5892,0.8837,-0.5197,35,3,Growth
35,2025-02-03,0.68535,1.0279,-0.60735,38,3,Growth
35,2025-02-08,0.7099,1.06465,-0.6356,43,3,Growth
35,2025-02-10,0.686,1.02885,-0.6165,45,3,Growth
35,2025-02-13,0.7337,1.1004,-0.6556,48,3,Growth
35,2025-02-15,0.7657,1.14835,-0.6806,50,3,Growth
35,2025-02-18,0.72515,1.0876,-0.6614,53,3,Growth
35,2025-02-23,0.51555,0.77325,-0.44955,58,3,Growth
35,2025-03-02,0.75195,1.12775,-0.67065,65,3,Growth
35,2025-03-05,0.79885,1.1981,-0.72465,68,3,Growth
35,2025-03-07,0.71895,1.07835,-0.6518,70,4,Ripening
35,2025-03-10,0.65175,0.9775,-0.59965,73,4,Ripening
35,2025-03-12,0.76795,1.15185,-0.704,75,4,Ripening
35,2025-03-15,0.7254,1.088,-0.6741,78,4,Ripening
35,2025-03-22,0.6477,0.97135,-0.62005,85,4,Ripening
35,2025-03-25,0.51845,0.7775,-0.51395,88,4,Ripening
35,2025-03-27,0.47195,0.70785,-0.5013,90,4,Ripening
35,2025-03-29,0.46015,0.6901,-0.53055,92,4,Ripening
35,2025-03-30,0.42225,0.6333,-0.49115,93,4,Ripening
35,2025-04-01,0.3558,0.533625,-0.45355,95,4,Ripening
35,2025-04-06,0.2601,0.39005,-0.3957,100,4,Ripening
35,2025-04-09,0.202,0.30295,-0.314,103,4,Ripening
35,2025-04-11,0.2153,0.3229,-0.34955,105,4,Ripening
36,2024-12-27,0.38555,0.5782,-0.45035,0,2,Tillering
36,2025-01-11,0.54305,0.8144,-0.52265,15,2,Tillering
36,2025-01-19,0.6508,0.9761,-0.59495,23,3,Growth
36,2025-01-26,0.6902,1.03515,-0.61015,30,3,Growth
36,2025-01-29,0.51475,0.772,-0.44835,33,3,Growth
36,2025-01-31,0.6448,0.9671,-0.571,35,3,Growth
36,2025-02-03,0.72245,1.0835,-0.64135,38,3,Growth
36,2025-02-08,0.7282,1.0921,-0.65665,43,3,Growth
36,2025-02-10,0.70885,1.06315,-0.6449,45,3,Growth
36,2025-02-13,0.74085,1.11115,-0.67185,48,3,Growth
36,2025-02-15,0.76345,1.145,-0.69135,50,3,Growth
36,2025-02-18,0.7181,1.077,-0.67065,53,4,Ripening
36,2025-02-23,0.5079,0.76175,-0.45055,58,4,Ripening
36,2025-03-02,0.70635,1.05935,-0.64075,65,4,Ripening
36,2025-03-05,0.72155,1.0822,-0.66905,68,4,Ripening
36,2025-03-07,0.6506,0.9758,-0.614,70,4,Ripening
36,2025-03-10,0.5778,0.86655,-0.56175,73,4,Ripening
36,2025-03-12,0.6125,0.91865,-0.61425,75,4,Ripening
36,2025-03-15,0.5516,0.8273,-0.57315,78,4,Ripening
36,2025-03-22,0.45615,0.6841,-0.50825,85,4,Ripening
36,2025-03-25,0.3664,0.54955,-0.42225,88,4,Ripening
36,2025-03-27,0.32635,0.4894,-0.4088,90,4,Ripening
36,2025-03-29,0.3126,0.4689,-0.43305,92,4,Ripening
36,2025-03-30,0.3086,0.46285,-0.4142,93,4,Ripening
36,2025-04-01,0.264275,0.396375,-0.38885,95,4,Ripening
36,2025-04-06,0.21085,0.3162,-0.35105,100,4,Ripening
36,2025-04-09,0.1699,0.25485,-0.28365,103,4,Ripening
36,2025-04-11,0.1911,0.28655,-0.31805,105,4,Ripening
37,2024-12-27,0.39275,0.58905,-0.45225,0,2,Tillering
37,2025-01-11,0.50935,0.76395,-0.4979,15,2,Tillering
37,2025-01-19,0.61865,0.92785,-0.56555,23,3,Growth
37,2025-01-26,0.63655,0.9547,-0.56995,30,3,Growth
37,2025-01-29,0.48935,0.73395,-0.4311,33,3,Growth
37,2025-01-31,0.6043,0.9064,-0.54265,35,3,Growth
37,2025-02-03,0.6646,0.9967,-0.5935,38,3,Growth
37,2025-02-08,0.68695,1.0303,-0.62115,43,3,Growth
37,2025-02-10,0.6827,1.0239,-0.62295,45,3,Growth
37,2025-02-13,0.6954,1.043,-0.6349,48,3,Growth
37,2025-02-15,0.71475,1.072,-0.65705,50,3,Growth
37,2025-02-18,0.69065,1.0358,-0.6434,53,4,Ripening
37,2025-02-23,0.49085,0.73615,-0.4313,58,4,Ripening
37,2025-03-02,0.68275,1.02395,-0.62125,65,4,Ripening
37,2025-03-05,0.6847,1.0269,-0.6392,68,4,Ripening
37,2025-03-07,0.63645,0.95455,-0.6027,70,4,Ripening
37,2025-03-10,0.55445,0.83155,-0.5308,73,4,Ripening
37,2025-03-12,0.59125,0.88675,-0.595,75,4,Ripening
37,2025-03-15,0.5136,0.7703,-0.5437,78,4,Ripening
37,2025-03-22,0.4022,0.6032,-0.4814,85,4,Ripening
37,2025-03-25,0.31925,0.47875,-0.3972,88,4,Ripening
37,2025-03-27,0.2839,0.42585,-0.383,90,4,Ripening
37,2025-03-29,0.2743,0.4114,-0.4079,92,4,Ripening
37,2025-03-30,0.2674,0.401,-0.3878,93,4,Ripening
37,2025-04-01,0.2342,0.35125,-0.369375,95,4,Ripening
37,2025-04-06,0.1985,0.29765,-0.34155,100,4,Ripening
37,2025-04-09,0.165,0.2475,-0.28085,103,4,Ripening
37,2025-04-11,0.18945,0.2841,-0.3064,105,4,Ripening
38,2024-12-27,0.2798,0.4196,-0.39405,0,1,Seedling
38,2025-01-11,0.3888,0.58315,-0.44635,15,1,Seedling
38,2025-01-19,0.4791,0.7185,-0.45305,23,2,Tillering
38,2025-01-26,0.59595,0.8938,-0.5428,30,2,Tillering
38,2025-01-29,0.4744,0.71145,-0.41555,33,3,Growth
38,2025-01-31,0.6007,0.90095,-0.5399,35,3,Growth
38,2025-02-03,0.6689,1.00325,-0.60585,38,3,Growth
38,2025-02-08,0.6972,1.04565,-0.636,43,3,Growth
38,2025-02-10,0.71085,1.06615,-0.64105,45,3,Growth
38,2025-02-13,0.7303,1.0953,-0.6604,48,3,Growth
38,2025-02-15,0.7592,1.1386,-0.68935,50,3,Growth
38,2025-02-18,0.7222,1.0832,-0.6612,53,3,Growth
38,2025-02-23,0.5144,0.77155,-0.45455,58,3,Growth
38,2025-03-02,0.7346,1.10165,-0.66475,65,3,Growth
38,2025-03-05,0.76925,1.15375,-0.7099,68,3,Growth
38,2025-03-07,0.6797,1.0194,-0.62045,70,4,Ripening
38,2025-03-10,0.608,0.91185,-0.5589,73,4,Ripening
38,2025-03-12,0.7153,1.0728,-0.66565,75,4,Ripening
38,2025-03-15,0.6605,0.9906,-0.62795,78,4,Ripening
38,2025-03-22,0.57455,0.8617,-0.57165,85,4,Ripening
38,2025-03-25,0.46435,0.6964,-0.48385,88,4,Ripening
38,2025-03-27,0.41825,0.6273,-0.4684,90,4,Ripening
38,2025-03-29,0.41325,0.6198,-0.5022,92,4,Ripening
38,2025-03-30,0.38975,0.58455,-0.47,93,4,Ripening
38,2025-04-01,0.352475,0.5286,-0.454525,95,4,Ripening
38,2025-04-06,0.27665,0.4149,-0.40135,100,4,Ripening
38,2025-04-09,0.226,0.339,-0.32545,103,4,Ripening
38,2025-04-11,0.2398,0.3596,-0.34655,105,4,Ripening
39,2024-12-27,0.1884,0.2826,-0.3432,0,1,Seedling
39,2025-01-11,0.26495,0.39735,-0.35405,15,1,Seedling
39,2025-01-19,0.3482,0.52225,-0.3868,23,1,Seedling
39,2025-01-26,0.4701,0.705,-0.45225,30,2,Tillering
39,2025-01-29,0.3664,0.5495,-0.3212,33,2,Tillering
39,2025-01-31,0.49185,0.7376,-0.4562,35,2,Tillering
39,2025-02-03,0.5317,0.7974,-0.5108,38,2,Tillering
39,2025-02-08,0.5833,0.8748,-0.55155,43,2,Tillering
39,2025-02-10,0.5964,0.89445,-0.55915,45,2,Tillering
39,2025-02-13,0.63375,0.9505,-0.58905,48,2,Tillering
39,2025-02-15,0.66105,0.99145,-0.61785,50,3,Growth
39,2025-02-18,0.6686,1.00275,-0.6177,53,3,Growth
39,2025-02-23,0.47985,0.71965,-0.4132,58,3,Growth
39,2025-03-02,0.71105,1.0664,-0.64435,65,3,Growth
39,2025-03-05,0.7586,1.13775,-0.6934,68,3,Growth
39,2025-03-07,0.69005,1.03485,-0.62195,70,4,Ripening
39,2025-03-10,0.63885,0.95805,-0.5783,73,4,Ripening
39,2025-03-12,0.74105,1.1114,-0.6805,75,4,Ripening
39,2025-03-15,0.6832,1.0246,-0.64415,78,4,Ripening
39,2025-03-22,0.60825,0.91215,-0.594,85,4,Ripening
39,2025-03-25,0.49045,0.7356,-0.49885,88,4,Ripening
39,2025-03-27,0.44505,0.6674,-0.4801,90,4,Ripening
39,2025-03-29,0.4354,0.653,-0.51675,92,4,Ripening
39,2025-03-30,0.40285,0.60415,-0.47655,93,4,Ripening
39,2025-04-01,0.3595,0.539175,-0.455575,95,4,Ripening
39,2025-04-06,0.2662,0.3992,-0.3931,100,4,Ripening
39,2025-04-09,0.20215,0.30315,-0.30515,103,4,Ripening
39,2025-04-11,0.20405,0.30605,-0.3231,105,4,Ripening
40,2024-12-27,0.19975,0.29955,-0.3306,0,1,Seedling
40,2025-01-11,0.29135,0.437,-0.36525,15,1,Seedling
40,2025-01-19,0.3564,0.53455,-0.39175,23,2,Tillering
40,2025-01-26,0.44555,0.66815,-0.418,30,2,Tillering
40,2025-01-29,0.34855,0.52275,-0.3077,33,2,Tillering
40,2025-01-31,0.46155,0.6922,-0.4326,35,2,Tillering
40,2025-02-03,0.5073,0.7608,-0.49455,38,2,Tillering
40,2025-02-08,0.51905,0.7785,-0.50875,43,2,Tillering
40,2025-02-10,0.52585,0.7886,-0.51115,45,2,Tillering
40,2025-02-13,0.54375,0.8155,-0.5305,48,2,Tillering
40,2025-02-15,0.54255,0.8137,-0.54035,50,2,Tillering
40,2025-02-18,0.57215,0.8581,-0.55315,53,3,Growth
40,2025-02-23,0.41575,0.6236,-0.3681,58,3,Growth
40,2025-03-02,0.6376,0.95625,-0.58865,65,3,Growth
40,2025-03-05,0.70845,1.06245,-0.65605,68,3,Growth
40,2025-03-07,0.6329,0.9492,-0.59335,70,4,Ripening
40,2025-03-10,0.5149,0.7722,-0.472,73,4,Ripening
40,2025-03-12,0.64375,0.9655,-0.61065,75,4,Ripening
40,2025-03-15,0.6108,0.91595,-0.5859,78,4,Ripening
40,2025-03-22,0.5546,0.8317,-0.5511,85,4,Ripening
40,2025-03-25,0.45315,0.6796,-0.4733,88,4,Ripening
40,2025-03-27,0.40525,0.6078,-0.4561,90,4,Ripening
40,2025-03-29,0.38995,0.5848,-0.47785,92,4,Ripening
40,2025-03-30,0.37235,0.55845,-0.45445,93,4,Ripening
40,2025-04-01,0.33785,0.506725,-0.4355,95,4,Ripening
40,2025-04-06,0.27265,0.409,-0.3922,100,4,Ripening
40,2025-04-09,0.2232,0.3348,-0.32045,103,4,Ripening
40,2025-04-11,0.23415,0.35115,-0.333,105,4,Ripening
41,2024-12-27,0.17535,0.263,-0.336,0,1,Seedling
41,2025-01-11,0.2325,0.3487,-0.3565,15,1,Seedling
41,2025-01-19,0.23925,0.3588,-0.33725,23,1,Seedling
41,2025-01-26,0.30355,0.4553,-0.34535,30,2,Tillering
41,2025-01-29,0.24415,0.36615,-0.23595,33,2,Tillering
41,2025-01-31,0.3072,0.4607,-0.3433,35,2,Tillering
41,2025-02-03,0.3116,0.4673,-0.36915,38,2,Tillering
41,2025-02-08,0.33005,0.49495,-0.38215,43,2,Tillering
41,2025-02-10,0.3265,0.4897,-0.3823,45,2,Tillering
41,2025-02-13,0.3568,0.53515,-0.39965,48,2,Tillering
41,2025-02-15,0.3333,0.4999,-0.39885,50,2,Tillering
41,2025-02-18,0.3856,0.5783,-0.4314,53,3,Growth
41,2025-02-23,0.3275,0.4912,-0.3095,58,3,Growth
41,2025-03-02,0.4537,0.68045,-0.4555,65,3,Growth
41,2025-03-05,0.5091,0.76355,-0.51215,68,3,Growth
41,2025-03-07,0.4568,0.68505,-0.47105,70,4,Ripening
41,2025-03-10,0.4029,0.60425,-0.4034,73,4,Ripening
41,2025-03-12,0.44095,0.6613,-0.4679,75,4,Ripening
41,2025-03-15,0.43585,0.65365,-0.46165,78,4,Ripening
41,2025-03-22,0.4252,0.63775,-0.4599,85,4,Ripening
41,2025-03-25,0.36755,0.55125,-0.41065,88,4,Ripening
41,2025-03-27,0.3416,0.5123,-0.4007,90,4,Ripening
41,2025-03-29,0.3349,0.50225,-0.41415,92,4,Ripening
41,2025-03-30,0.32805,0.492,-0.4014,93,4,Ripening
41,2025-04-01,0.2978,0.446575,-0.3865,95,4,Ripening
41,2025-04-06,0.25035,0.37545,-0.3547,100,4,Ripening
41,2025-04-09,0.20585,0.30875,-0.2916,103,4,Ripening
41,2025-04-11,0.2329,0.34925,-0.3228,105,4,Ripening
42,2024-12-27,0.34885,0.52315,-0.4557,0,2,Tillering
42,2025-01-11,0.3832,0.5747,-0.4577,15,2,Tillering
42,2025-01-19,0.38695,0.58035,-0.4265,23,2,Tillering
42,2025-01-26,0.4357,0.6535,-0.46265,30,3,Growth
42,2025-01-29,0.3597,0.5395,-0.34455,33,3,Growth
42,2025-01-31,0.44075,0.661,-0.4521,35,3,Growth
42,2025-02-03,0.46955,0.7042,-0.4818,38,3,Growth
42,2025-02-08,0.48335,0.72495,-0.4975,43,3,Growth
42,2025-02-10,0.4827,0.72395,-0.4968,45,3,Growth
42,2025-02-13,0.51165,0.7673,-0.5186,48,3,Growth
42,2025-02-15,0.4942,0.7411,-0.51105,50,3,Growth
42,2025-02-18,0.51285,0.7692,-0.52575,53,3,Growth
42,2025-02-23,0.40235,0.60345,-0.36695,58,3,Growth
42,2025-03-02,0.527,0.79035,-0.5156,65,3,Growth
42,2025-03-05,0.56035,0.8404,-0.5515,68,3,Growth
42,2025-03-07,0.48715,0.7306,-0.4812,70,4,Ripening
42,2025-03-10,0.454,0.68085,-0.44985,73,4,Ripening
42,2025-03-12,0.49405,0.74095,-0.513,75,4,Ripening
42,2025-03-15,0.47125,0.7068,-0.4907,78,4,Ripening
42,2025-03-22,0.44095,0.66135,-0.48135,85,4,Ripening
42,2025-03-25,0.39975,0.5996,-0.4383,88,4,Ripening
42,2025-03-27,0.3803,0.57035,-0.43595,90,4,Ripening
42,2025-03-29,0.38025,0.5703,-0.45175,92,4,Ripening
42,2025-03-30,0.3647,0.547,-0.4312,93,4,Ripening
42,2025-04-01,0.3492,0.523725,-0.430225,95,4,Ripening
42,2025-04-06,0.2921,0.43815,-0.38575,100,4,Ripening
42,2025-04-09,0.249,0.3734,-0.32715,103,4,Ripening
42,2025-04-11,0.2859,0.4288,-0.3624,105,4,Ripening
43,2024-12-27,0.223,0.33445,-0.3836,0,1,Seedling
43,2025-01-11,0.2824,0.4235,-0.3937,15,1,Seedling
43,2025-01-19,0.3126,0.4688,-0.3572,23,1,Seedling
43,2025-01-26,0.41175,0.6175,-0.425,30,2,Tillering
43,2025-01-29,0.33395,0.50085,-0.3135,33,2,Tillering
43,2025-01-31,0.4348,0.6521,-0.427,35,2,Tillering
43,2025-02-03,0.49315,0.7396,-0.4846,38,2,Tillering
43,2025-02-08,0.5524,0.8284,-0.52825,43,2,Tillering
43,2025-02-10,0.55495,0.8323,-0.5275,45,2,Tillering
43,2025-02-13,0.61035,0.9154,-0.57165,48,3,Growth
43,2025-02-15,0.59505,0.89245,-0.57195,50,3,Growth
43,2025-02-18,0.5977,0.89635,-0.5661,53,3,Growth
43,2025-02-23,0.44305,0.6645,-0.37735,58,3,Growth
43,2025-03-02,0.63975,0.9595,-0.57915,65,3,Growth
43,2025-03-05,0.6895,1.03415,-0.64305,68,3,Growth
43,2025-03-07,0.595,0.89245,-0.5493,70,4,Ripening
43,2025-03-10,0.52945,0.79405,-0.49015,73,4,Ripening
43,2025-03-12,0.6357,0.9534,-0.61015,75,4,Ripening
43,2025-03-15,0.58955,0.8842,-0.5752,78,4,Ripening
43,2025-03-22,0.5306,0.7958,-0.539,85,4,Ripening
43,2025-03-25,0.4519,0.67775,-0.4705,88,4,Ripening
43,2025-03-27,0.4088,0.6131,-0.4591,90,4,Ripening
43,2025-03-29,0.39665,0.59485,-0.47865,92,4,Ripening
43,2025-03-30,0.36735,0.551,-0.4468,93,4,Ripening
43,2025-04-01,0.341725,0.512475,-0.4431,95,4,Ripening
43,2025-04-06,0.2592,0.38875,-0.37945,100,4,Ripening
43,2025-04-09,0.211,0.3165,-0.31335,103,4,Ripening
43,2025-04-11,0.2254,0.338,-0.3368,105,4,Ripening
44,2024-12-27,0.25585,0.3837,-0.4053,0,1,Seedling
44,2025-01-11,0.32765,0.4913,-0.42545,15,1,Seedling
44,2025-01-19,0.374,0.5609,-0.3993,23,1,Seedling
44,2025-01-26,0.4871,0.73045,-0.47865,30,2,Tillering
44,2025-01-29,0.3792,0.5687,-0.34405,33,2,Tillering
44,2025-01-31,0.4955,0.7431,-0.469,35,2,Tillering
44,2025-02-03,0.5624,0.84345,-0.52615,38,2,Tillering
44,2025-02-08,0.60195,0.9028,-0.566,43,2,Tillering
44,2025-02-10,0.6082,0.91215,-0.5691,45,2,Tillering
44,2025-02-13,0.66595,0.9988,-0.61335,48,3,Growth
44,2025-02-15,0.65625,0.9842,-0.61595,50,3,Growth
44,2025-02-18,0.65045,0.9755,-0.60365,53,3,Growth
44,2025-02-23,0.48155,0.72225,-0.4106,58,3,Growth
44,2025-03-02,0.69285,1.0391,-0.61995,65,3,Growth
44,2025-03-05,0.75025,1.12525,-0.6844,68,3,Growth
44,2025-03-07,0.6498,0.97455,-0.5943,70,4,Ripening
44,2025-03-10,0.5687,0.85295,-0.51665,73,4,Ripening
44,2025-03-12,0.70165,1.0524,-0.65455,75,4,Ripening
44,2025-03-15,0.65905,0.98845,-0.61975,78,4,Ripening
44,2025-03-22,0.5763,0.86425,-0.57025,85,4,Ripening
44,2025-03-25,0.48355,0.7252,-0.4952,88,4,Ripening
44,2025-03-27,0.43025,0.6453,-0.47705,90,4,Ripening
44,2025-03-29,0.4209,0.6313,-0.5048,92,4,Ripening
44,2025-03-30,0.3939,0.5908,-0.4726,93,4,Ripening
44,2025-04-01,0.362025,0.542975,-0.463525,95,4,Ripening
44,2025-04-06,0.2786,0.41785,-0.401,100,4,Ripening
44,2025-04-09,0.22575,0.3386,-0.326,103,4,Ripening
44,2025-04-11,0.23385,0.35075,-0.3489,105,4,Ripening
45,2024-12-27,0.18375,0.2756,-0.348,0,1,Seedling
45,2025-01-11,0.2591,0.38855,-0.3668,15,1,Seedling
45,2025-01-19,0.3435,0.5151,-0.3883,23,1,Seedling
45,2025-01-26,0.45495,0.6823,-0.4402,30,2,Tillering
45,2025-01-29,0.36985,0.55475,-0.3267,33,2,Tillering
45,2025-01-31,0.4858,0.72855,-0.4377,35,2,Tillering
45,2025-02-03,0.5774,0.86595,-0.51685,38,2,Tillering
45,2025-02-08,0.61715,0.92555,-0.56055,43,2,Tillering
45,2025-02-10,0.62795,0.94175,-0.56915,45,2,Tillering
45,2025-02-13,0.67865,1.01785,-0.61585,48,3,Growth
45,2025-02-15,0.6661,0.999,-0.6133,50,3,Growth
45,2025-02-18,0.68105,1.02135,-0.6259,53,3,Growth
45,2025-02-23,0.5011,0.75155,-0.4274,58,3,Growth
45,2025-03-02,0.71475,1.07195,-0.63355,65,3,Growth
45,2025-03-05,0.7776,1.16625,-0.7016,68,3,Growth
45,2025-03-07,0.69045,1.0355,-0.615,70,4,Ripening
45,2025-03-10,0.6139,0.92075,-0.5462,73,4,Ripening
45,2025-03-12,0.74015,1.11005,-0.67205,75,4,Ripening
45,2025-03-15,0.6902,1.03515,-0.6356,78,4,Ripening
45,2025-03-22,0.59745,0.896,-0.5801,85,4,Ripening
45,2025-03-25,0.501,0.75135,-0.5054,88,4,Ripening
45,2025-03-27,0.44955,0.67415,-0.48265,90,4,Ripening
45,2025-03-29,0.4439,0.6657,-0.5203,92,4,Ripening
45,2025-03-30,0.40445,0.6066,-0.4763,93,4,Ripening
45,2025-04-01,0.37015,0.555125,-0.4694,95,4,Ripening
45,2025-04-06,0.2645,0.3967,-0.3945,100,4,Ripening
45,2025-04-09,0.19925,0.2988,-0.30885,103,4,Ripening
45,2025-04-11,0.2059,0.30885,-0.33595,105,4,Ripening
46,2024-12-27,0.18565,0.2785,-0.3355,0,1,Seedling
46,2025-01-11,0.24265,0.36385,-0.3538,15,1,Seedling
46,2025-01-19,0.3115,0.4672,-0.40145,23,1,Seedling
46,2025-01-26,0.37925,0.56885,-0.42125,30,3,Growth
46,2025-01-29,0.29895,0.4484,-0.27575,33,3,Growth
46,2025-01-31,0.43795,0.6568,-0.4304,35,3,Growth
46,2025-02-03,0.49575,0.7435,-0.47135,38,3,Growth
46,2025-02-08,0.5455,0.8181,-0.5218,43,3,Growth
46,2025-02-10,0.5547,0.83185,-0.528,45,3,Growth
46,2025-02-13,0.6071,0.91045,-0.5765,48,3,Growth
46,2025-02-15,0.61495,0.92225,-0.5871,50,3,Growth
46,2025-02-18,0.6429,0.9642,-0.61335,53,3,Growth
46,2025-02-23,0.47335,0.70995,-0.4146,58,3,Growth
46,2025-03-02,0.69015,1.03515,-0.62675,65,3,Growth
46,2025-03-05,0.7406,1.1108,-0.68135,68,3,Growth
46,2025-03-07,0.66625,0.9992,-0.6033,70,4,Ripening
46,2025-03-10,0.6174,0.92595,-0.5548,73,4,Ripening
46,2025-03-12,0.72705,1.09045,-0.65655,75,4,Ripening
46,2025-03-15,0.6627,0.9939,-0.60955,78,4,Ripening
46,2025-03-22,0.59035,0.88535,-0.5709,85,4,Ripening
46,2025-03-25,0.4793,0.71885,-0.4807,88,4,Ripening
46,2025-03-27,0.44275,0.664,-0.47725,90,4,Ripening
46,2025-03-29,0.437,0.6554,-0.50645,92,4,Ripening
46,2025-03-30,0.4053,0.60775,-0.47045,93,4,Ripening
46,2025-04-01,0.36685,0.55015,-0.46,95,4,Ripening
46,2025-04-06,0.2723,0.4084,-0.39195,100,4,Ripening
46,2025-04-09,0.21305,0.3195,-0.31605,103,4,Ripening
46,2025-04-11,0.2265,0.3397,-0.34195,105,4,Ripening
47,2024-12-27,0.342,0.5129,-0.43275,0,2,Tillering
47,2025-01-11,0.40355,0.60525,-0.4606,15,2,Tillering
47,2025-01-19,0.44835,0.6724,-0.47475,23,2,Tillering
47,2025-01-26,0.52095,0.7813,-0.51355,30,3,Growth
47,2025-01-29,0.3925,0.58865,-0.3615,33,3,Growth
47,2025-01-31,0.5202,0.7802,-0.5006,35,3,Growth
47,2025-02-03,0.57055,0.85575,-0.54455,38,3,Growth
47,2025-02-08,0.60085,0.9011,-0.57445,43,3,Growth
47,2025-02-10,0.6021,0.903,-0.57365,45,3,Growth
47,2025-02-13,0.63625,0.95425,-0.60445,48,3,Growth
47,2025-02-15,0.6248,0.9371,-0.60385,50,3,Growth
47,2025-02-18,0.6306,0.94575,-0.6069,53,3,Growth
47,2025-02-23,0.45625,0.6843,-0.40175,58,3,Growth
47,2025-03-02,0.6196,0.9293,-0.58945,65,3,Growth
47,2025-03-05,0.64735,0.9709,-0.6327,68,3,Growth
47,2025-03-07,0.56715,0.85065,-0.5489,70,4,Ripening
47,2025-03-10,0.5151,0.7726,-0.4984,73,4,Ripening
47,2025-03-12,0.57865,0.8679,-0.58885,75,4,Ripening
47,2025-03-15,0.5197,0.7794,-0.5381,78,4,Ripening
47,2025-03-22,0.43845,0.6576,-0.4975,85,4,Ripening
47,2025-03-25,0.36875,0.55305,-0.4357,88,4,Ripening
47,2025-03-27,0.33855,0.5078,-0.4314,90,4,Ripening
47,2025-03-29,0.3231,0.4846,-0.4442,92,4,Ripening
47,2025-03-30,0.3173,0.4759,-0.42315,93,4,Ripening
47,2025-04-01,0.29,0.43495,-0.415875,95,4,Ripening
47,2025-04-06,0.2302,0.34525,-0.3663,100,4,Ripening
47,2025-04-09,0.19095,0.28635,-0.3056,103,4,Ripening
47,2025-04-11,0.2082,0.31225,-0.3244,105,4,Ripening
48,2024-12-27,0.15775,0.2366,-0.3168,0,1,Seedling
48,2025-01-11,0.2607,0.39095,-0.3789,15,1,Seedling
48,2025-01-19,0.35935,0.53885,-0.4038,23,2,Tillering
48,2025-01-26,0.48035,0.72045,-0.46045,30,2,Tillering
48,2025-01-29,0.3897,0.5844,-0.34495,33,2,Tillering
48,2025-01-31,0.5154,0.773,-0.4792,35,2,Tillering
48,2025-02-03,0.58905,0.88345,-0.5419,38,2,Tillering
48,2025-02-08,0.6529,0.97915,-0.58995,43,2,Tillering
48,2025-02-10,0.67815,1.0171,-0.60535,45,3,Growth
48,2025-02-13,0.7164,1.0745,-0.6418,48,3,Growth
48,2025-02-15,0.72195,1.0827,-0.64255,50,3,Growth
48,2025-02-18,0.70175,1.05245,-0.6305,53,3,Growth
48,2025-02-23,0.51025,0.76525,-0.4373,58,3,Growth
48,2025-03-02,0.7418,1.1125,-0.656,65,3,Growth
48,2025-03-05,0.7861,1.17895,-0.71775,68,3,Growth
48,2025-03-07,0.7189,1.0782,-0.6541,70,4,Ripening
48,2025-03-10,0.5902,0.8852,-0.5307,73,4,Ripening
48,2025-03-12,0.72635,1.0894,-0.6747,75,4,Ripening
48,2025-03-15,0.67605,1.01395,-0.63935,78,4,Ripening
48,2025-03-22,0.58425,0.87625,-0.58475,85,4,Ripening
48,2025-03-25,0.4694,0.70395,-0.498,88,4,Ripening
48,2025-03-27,0.4158,0.6236,-0.4712,90,4,Ripening
48,2025-03-29,0.3915,0.5871,-0.49515,92,4,Ripening
48,2025-03-30,0.36565,0.54835,-0.46105,93,4,Ripening
48,2025-04-01,0.326175,0.489175,-0.450225,95,4,Ripening
48,2025-04-06,0.2368,0.3552,-0.3812,100,4,Ripening
48,2025-04-09,0.1837,0.27555,-0.30945,103,4,Ripening
48,2025-04-11,0.18665,0.2799,-0.3234,105,4,Ripening
49,2024-12-27,0.6032,0.9046,-0.5705,0,2,Tillering
49,2025-01-11,0.75735,1.1359,-0.6571,15,3,Growth
49,2025-01-19,0.8317,1.2474,-0.73805,23,3,Growth
49,2025-01-26,0.8119,1.2177,-0.71035,30,4,Ripening
49,2025-01-29,0.68185,1.02265,-0.5952,33,4,Ripening
49,2025-01-31,0.7553,1.13285,-0.6663,35,4,Ripening
49,2025-02-03,0.8105,1.21555,-0.7279,38,4,Ripening
49,2025-02-08,0.7859,1.1787,-0.71535,43,4,Ripening
49,2025-02-10,0.7805,1.1706,-0.71055,45,4,Ripening
49,2025-02-13,0.78215,1.17305,-0.7168,48,4,Ripening
49,2025-02-15,0.7574,1.136,-0.69975,50,4,Ripening
49,2025-02-18,0.7358,1.1035,-0.6951,53,4,Ripening
49,2025-02-23,0.5405,0.8107,-0.47915,58,4,Ripening
49,2025-03-02,0.66285,0.99415,-0.63165,65,4,Ripening
49,2025-03-05,0.7047,1.0569,-0.6806,68,4,Ripening
49,2025-03-07,0.6397,0.95945,-0.6231,70,4,Ripening
49,2025-03-10,0.55715,0.83565,-0.5488,73,4,Ripening
49,2025-03-12,0.5644,0.84645,-0.5742,75,4,Ripening
49,2025-03-15,0.5045,0.7566,-0.5453,78,4,Ripening
49,2025-03-22,0.3719,0.55775,-0.46825,85,4,Ripening
49,2025-03-25,0.3175,0.4762,-0.43215,88,4,Ripening
49,2025-03-27,0.27835,0.41745,-0.40755,90,4,Ripening
49,2025-03-29,0.27085,0.40625,-0.433,92,4,Ripening
49,2025-03-30,0.27375,0.41055,-0.4186,93,4,Ripening
49,2025-04-01,0.25005,0.375025,-0.4067,95,4,Ripening
49,2025-04-06,0.2147,0.32205,-0.3628,100,4,Ripening
49,2025-04-09,0.19015,0.28525,-0.3087,103,4,Ripening
49,2025-04-11,0.20095,0.3014,-0.32925,105,4,Ripening
50,2024-12-27,0.49575,0.74345,-0.52465,0,2,Tillering
50,2025-01-11,0.6254,0.938,-0.58355,15,2,Tillering
50,2025-01-19,0.71015,1.0651,-0.6631,23,3,Growth
50,2025-01-26,0.70615,1.05905,-0.6206,30,3,Growth
50,2025-01-29,0.59985,0.89965,-0.51925,33,3,Growth
50,2025-01-31,0.6774,1.01595,-0.59605,35,3,Growth
50,2025-02-03,0.74115,1.1116,-0.6657,38,3,Growth
50,2025-02-08,0.7364,1.1044,-0.6644,43,3,Growth
50,2025-02-10,0.73775,1.10645,-0.6649,45,3,Growth
50,2025-02-13,0.75375,1.13045,-0.68035,48,3,Growth
50,2025-02-15,0.7235,1.0851,-0.65555,50,4,Ripening
50,2025-02-18,0.7132,1.06965,-0.657,53,4,Ripening
50,2025-02-23,0.5328,0.7991,-0.46245,58,4,Ripening
50,2025-03-02,0.65135,0.97685,-0.60565,65,4,Ripening
50,2025-03-05,0.68285,1.0241,-0.6517,68,4,Ripening
50,2025-03-07,0.6127,0.91895,-0.60325,70,4,Ripening
50,2025-03-10,0.52275,0.78395,-0.52085,73,4,Ripening
50,2025-03-12,0.5327,0.79895,-0.55215,75,4,Ripening
50,2025-03-15,0.4877,0.7314,-0.52805,78,4,Ripening
50,2025-03-22,0.39735,0.596,-0.47745,85,4,Ripening
50,2025-03-25,0.357,0.5354,-0.4555,88,4,Ripening
50,2025-03-27,0.3107,0.466,-0.4165,90,4,Ripening
50,2025-03-29,0.30535,0.4579,-0.4369,92,4,Ripening
50,2025-03-30,0.3003,0.4504,-0.42085,93,4,Ripening
50,2025-04-01,0.2748,0.412125,-0.404875,95,4,Ripening
50,2025-04-06,0.23125,0.34685,-0.36855,100,4,Ripening
50,2025-04-09,0.19515,0.29265,-0.3054,103,4,Ripening
50,2025-04-11,0.21245,0.3186,-0.3322,105,4,Ripening
51,2024-12-27,0.49885,0.74815,-0.51805,0,2,Tillering
51,2025-01-11,0.656,0.9839,-0.61275,15,2,Tillering
51,2025-01-19,0.735,1.1024,-0.67805,23,3,Growth
51,2025-01-26,0.75275,1.129,-0.66,30,3,Growth
51,2025-01-29,0.5793,0.86885,-0.5006,33,3,Growth
51,2025-01-31,0.71665,1.07485,-0.6347,35,3,Growth
51,2025-02-03,0.79515,1.1926,-0.7081,38,3,Growth
51,2025-02-08,0.78535,1.1778,-0.70305,43,3,Growth
51,2025-02-10,0.79145,1.18705,-0.70565,45,3,Growth
51,2025-02-13,0.7958,1.1936,-0.7128,48,3,Growth
51,2025-02-15,0.78565,1.1783,-0.70635,50,4,Ripening
51,2025-02-18,0.7579,1.1367,-0.69865,53,4,Ripening
51,2025-02-23,0.51545,0.7731,-0.4489,58,4,Ripening
51,2025-03-02,0.70115,1.05155,-0.63765,65,4,Ripening
51,2025-03-05,0.7119,1.0677,-0.6631,68,4,Ripening
51,2025-03-07,0.64675,0.97,-0.61555,70,4,Ripening
51,2025-03-10,0.543,0.81435,-0.53035,73,4,Ripening
51,2025-03-12,0.5453,0.8178,-0.55385,75,4,Ripening
51,2025-03-15,0.47535,0.7129,-0.51635,78,4,Ripening
51,2025-03-22,0.3466,0.51985,-0.4563,85,4,Ripening
51,2025-03-25,0.2965,0.4447,-0.4193,88,4,Ripening
51,2025-03-27,0.2695,0.4043,-0.4042,90,4,Ripening
51,2025-03-29,0.2557,0.3835,-0.4131,92,4,Ripening
51,2025-03-30,0.25825,0.3873,-0.40325,93,4,Ripening
51,2025-04-01,0.22475,0.337075,-0.383775,95,4,Ripening
51,2025-04-06,0.2069,0.31035,-0.357,100,4,Ripening
51,2025-04-09,0.1817,0.27255,-0.3095,103,4,Ripening
51,2025-04-11,0.19105,0.2865,-0.32015,105,4,Ripening
52,2024-12-27,0.53375,0.8006,-0.5317,0,2,Tillering
52,2025-01-11,0.70585,1.05865,-0.62765,15,3,Growth
52,2025-01-19,0.73725,1.10575,-0.63625,23,3,Growth
52,2025-01-26,0.77885,1.16815,-0.66815,30,3,Growth
52,2025-01-29,0.64635,0.9694,-0.55005,33,3,Growth
52,2025-01-31,0.7425,1.1136,-0.6439,35,3,Growth
52,2025-02-03,0.8114,1.21695,-0.7154,38,3,Growth
52,2025-02-08,0.8015,1.2021,-0.7078,43,4,Ripening
52,2025-02-10,0.7963,1.19435,-0.703,45,4,Ripening
52,2025-02-13,0.8052,1.20765,-0.7136,48,4,Ripening
52,2025-02-15,0.79015,1.1851,-0.70265,50,4,Ripening
52,2025-02-18,0.7473,1.12075,-0.68035,53,4,Ripening
52,2025-02-23,0.5369,0.80525,-0.46385,58,4,Ripening
52,2025-03-02,0.6612,0.99165,-0.60865,65,4,Ripening
52,2025-03-05,0.6957,1.0434,-0.66305,68,4,Ripening
52,2025-03-07,0.6342,0.9512,-0.6173,70,4,Ripening
52,2025-03-10,0.5506,0.8258,-0.5476,73,4,Ripening
52,2025-03-12,0.55005,0.82495,-0.56905,75,4,Ripening
52,2025-03-15,0.4879,0.73175,-0.53135,78,4,Ripening
52,2025-03-22,0.37345,0.56015,-0.46775,85,4,Ripening
52,2025-03-25,0.3339,0.50075,-0.45205,88,4,Ripening
52,2025-03-27,0.28955,0.43425,-0.41135,90,4,Ripening
52,2025-03-29,0.28355,0.42525,-0.4369,92,4,Ripening
52,2025-03-30,0.2842,0.4262,-0.4201,93,4,Ripening
52,2025-04-01,0.2598,0.389625,-0.4078,95,4,Ripening
52,2025-04-06,0.21915,0.3287,-0.36445,100,4,Ripening
52,2025-04-09,0.18575,0.27855,-0.30075,103,4,Ripening
52,2025-04-11,0.19275,0.28915,-0.3202,105,4,Ripening
53,2024-12-27,0.43515,0.6526,-0.4742,0,2,Tillering
53,2025-01-11,0.7152,1.0727,-0.64285,15,2,Tillering
53,2025-01-19,0.7804,1.17045,-0.6833,23,3,Growth
53,2025-01-26,0.80025,1.20025,-0.68825,30,3,Growth
53,2025-01-29,0.65415,0.9811,-0.5593,33,3,Growth
53,2025-01-31,0.76215,1.1431,-0.66125,35,3,Growth
53,2025-02-03,0.83395,1.25075,-0.7315,38,3,Growth
53,2025-02-08,0.8325,1.24865,-0.74135,43,3,Growth
53,2025-02-10,0.8332,1.24965,-0.73435,45,3,Growth
53,2025-02-13,0.83445,1.2515,-0.7448,48,3,Growth
53,2025-02-15,0.8457,1.26845,-0.75155,50,3,Growth
53,2025-02-18,0.80045,1.20055,-0.7326,53,4,Ripening
53,2025-02-23,0.51245,0.7686,-0.45285,58,4,Ripening
53,2025-03-02,0.73705,1.10545,-0.6641,65,4,Ripening
53,2025-03-05,0.7702,1.15515,-0.7111,68,4,Ripening
53,2025-03-07,0.71465,1.07185,-0.6614,70,4,Ripening
53,2025-03-10,0.6393,0.95885,-0.60505,73,4,Ripening
53,2025-03-12,0.67645,1.01455,-0.6501,75,4,Ripening
53,2025-03-15,0.5741,0.861,-0.57865,78,4,Ripening
53,2025-03-22,0.422,0.63285,-0.49575,85,4,Ripening
53,2025-03-25,0.36555,0.5482,-0.4787,88,4,Ripening
53,2025-03-27,0.3073,0.4609,-0.42805,90,4,Ripening
53,2025-03-29,0.29745,0.4461,-0.4553,92,4,Ripening
53,2025-03-30,0.2971,0.4456,-0.43875,93,4,Ripening
53,2025-04-01,0.2665,0.399675,-0.418325,95,4,Ripening
53,2025-04-06,0.22525,0.3378,-0.37475,100,4,Ripening
53,2025-04-09,0.1915,0.2872,-0.3148,103,4,Ripening
53,2025-04-11,0.198,0.2969,-0.32465,105,4,Ripening
54,2024-12-27,0.38625,0.57925,-0.457,0,2,Tillering
54,2025-01-11,0.5273,0.79085,-0.536,15,2,Tillering
54,2025-01-19,0.57205,0.85795,-0.5236,23,2,Tillering
54,2025-01-26,0.65605,0.9839,-0.59295,30,3,Growth
54,2025-01-29,0.5492,0.8237,-0.47535,33,3,Growth
54,2025-01-31,0.65695,0.98535,-0.5874,35,3,Growth
54,2025-02-03,0.7134,1.0699,-0.6439,38,3,Growth
54,2025-02-08,0.72005,1.0799,-0.651,43,3,Growth
54,2025-02-10,0.72975,1.0945,-0.6584,45,3,Growth
54,2025-02-13,0.74875,1.12305,-0.68285,48,3,Growth
54,2025-02-15,0.73495,1.1023,-0.6759,50,4,Ripening
54,2025-02-18,0.70635,1.05935,-0.66115,53,4,Ripening
54,2025-02-23,0.5198,0.77965,-0.45855,58,4,Ripening
54,2025-03-02,0.63715,0.9556,-0.611,65,4,Ripening
54,2025-03-05,0.6586,0.98775,-0.6487,68,4,Ripening
54,2025-03-07,0.60395,0.9059,-0.60555,70,4,Ripening
54,2025-03-10,0.5316,0.7973,-0.53195,73,4,Ripening
54,2025-03-12,0.5387,0.80795,-0.5657,75,4,Ripening
54,2025-03-15,0.48545,0.7281,-0.52825,78,4,Ripening
54,2025-03-22,0.38165,0.5724,-0.46795,85,4,Ripening
54,2025-03-25,0.3459,0.51875,-0.45705,88,4,Ripening
54,2025-03-27,0.2984,0.44755,-0.41675,90,4,Ripening
54,2025-03-29,0.28685,0.43025,-0.4321,92,4,Ripening
54,2025-03-30,0.28985,0.4347,-0.42325,93,4,Ripening
54,2025-04-01,0.263925,0.39585,-0.408875,95,4,Ripening
54,2025-04-06,0.22695,0.3404,-0.36885,100,4,Ripening
54,2025-04-09,0.19755,0.2963,-0.3136,103,4,Ripening
54,2025-04-11,0.20515,0.3077,-0.3305,105,4,Ripening