plot_id,date,actual_stage,predicted_stage,correct_prediction,prob_stage_0,prob_stage_1,prob_stage_2,prob_stage_3,prob_stage_4
2,2024-12-27,1,1,True,0.08,93.36,6.5,0.05,0.01
2,2025-01-11,1,1,True,0.02,91.61,8.31,0.05,0.0
2,2025-01-19,1,1,True,0.07,80.79,18.76,0.37,0.01
2,2025-01-26,1,1,True,0.1,76.99,21.37,1.52,0.01
2,2025-01-29,2,2,True,0.03,3.72,89.72,6.45,0.08
2,2025-01-31,2,2,True,0.0,1.0,92.65,6.33,0.02
2,2025-02-03,2,2,True,0.0,0.31,97.73,1.96,0.0
2,2025-02-08,2,2,True,0.0,0.05,88.82,11.1,0.03
2,2025-02-10,2,3,False,0.01,0.28,33.43,66.07,0.22
2,2025-02-13,3,3,True,0.02,0.31,44.45,54.98,0.24
2,2025-02-15,3,3,True,0.0,0.03,4.33,95.3,0.34
2,2025-02-18,3,3,True,0.02,0.09,9.16,86.92,3.81
2,2025-02-23,3,3,True,0.03,0.05,1.28,81.05,17.6
2,2025-03-02,3,3,True,0.06,0.07,0.5,73.08,26.29
2,2025-03-05,3,3,True,0.0,0.01,0.24,94.07,5.68
2,2025-03-07,4,4,True,0.06,0.11,0.08,0.05,99.7
2,2025-03-10,4,4,True,0.0,0.01,0.01,0.01,99.97
2,2025-03-12,4,4,True,0.01,0.02,0.06,0.04,99.87
2,2025-03-15,4,4,True,0.0,0.03,0.2,0.05,99.72
2,2025-03-22,4,4,True,0.01,0.01,0.01,0.01,99.97
2,2025-03-25,4,4,True,0.01,0.06,0.2,0.04,99.69
2,2025-03-27,4,4,True,0.01,0.03,0.08,0.05,99.84
2,2025-03-29,4,4,True,0.07,0.19,0.22,0.31,99.21
2,2025-03-30,4,4,True,0.01,0.09,0.34,0.09,99.46
2,2025-04-01,4,4,True,0.01,0.04,0.18,0.04,99.75
2,2025-04-06,4,4,True,0.0,0.01,0.01,0.0,99.98
2,2025-04-09,4,4,True,0.01,0.02,0.09,0.01,99.87
2,2025-04-11,4,4,True,0.0,0.0,0.01,0.0,99.98
3,2024-12-27,0,0,True,97.66,1.62,0.38,0.01,0.34
3,2025-01-11,1,1,True,0.21,85.69,14.03,0.07,0.0
3,2025-01-19,1,1,True,0.15,76.7,22.63,0.52,0.01
3,2025-01-26,1,1,True,0.14,81.39,17.64,0.83,0.01
3,2025-01-29,2,3,False,0.7,5.19,21.68,70.82,1.61
3,2025-01-31,2,2,True,0.02,0.94,97.47,1.56,0.02
3,2025-02-03,2,3,False,0.06,0.59,47.34,50.81,1.19
3,2025-02-08,2,2,True,0.03,0.13,67.37,29.99,2.48
3,2025-02-10,2,2,True,0.11,0.67,90.58,7.61,1.03
3,2025-02-13,2,2,True,0.63,1.09,93.68,3.3,1.3
3,2025-02-15,2,2,True,0.27,0.67,95.33,2.62,1.12
3,2025-02-18,2,2,True,1.78,1.89,90.19,3.73,2.4
3,2025-02-23,3,3,True,0.01,0.01,0.6,86.61,12.77
3,2025-03-02,3,3,True,0.0,0.01,0.56,91.59,7.83
3,2025-03-05,3,3,True,0.04,0.08,1.47,83.3,15.12
3,2025-03-07,4,4,True,0.12,0.1,0.1,0.1,99.59
3,2025-03-10,4,4,True,0.06,0.03,0.03,0.06,99.81
3,2025-03-12,4,4,True,0.06,0.13,0.43,1.92,97.46
3,2025-03-15,4,4,True,0.05,0.09,0.18,0.15,99.53
3,2025-03-22,4,4,True,0.01,0.01,0.01,0.01,99.97
3,2025-03-25,4,4,True,0.05,0.04,0.04,0.05,99.82
3,2025-03-27,4,4,True,0.01,0.02,0.03,0.03,99.91
3,2025-03-29,4,4,True,0.03,0.03,0.03,0.06,99.84
3,2025-03-30,4,4,True,0.04,0.15,0.42,0.27,99.12
3,2025-04-01,4,4,True,0.03,0.07,0.09,0.06,99.75
3,2025-04-06,4,4,True,0.0,0.0,0.0,0.0,99.99
3,2025-04-09,4,4,True,0.01,0.02,0.07,0.01,99.89
3,2025-04-11,4,4,True,0.0,0.0,0.01,0.0,99.99
4,2024-12-27,1,1,True,34.3,42.42,20.37,1.3,1.61
4,2025-01-11,2,1,False,0.17,79.23,20.39,0.2,0.01
4,2025-01-19,3,2,False,0.17,17.89,71.22,10.65,0.08
4,2025-01-26,3,2,False,0.19,8.71,72.02,18.53,0.55
4,2025-01-29,3,3,True,0.63,4.87,27.87,64.67,1.96
4,2025-01-31,3,2,False,0.01,0.33,78.13,21.44,0.1
4,2025-02-03,3,2,False,0.08,1.05,56.32,41.97,0.58
4,2025-02-08,3,2,False,0.0,0.05,62.76,36.62,0.57
4,2025-02-10,3,3,True,0.01,0.13,18.0,81.0,0.86
4,2025-02-13,3,3,True,0.1,0.41,32.31,65.57,1.61
4,2025-02-15,3,3,True,0.01,0.08,7.64,90.86,1.41
4,2025-02-18,4,4,True,1.19,0.32,1.49,43.51,53.49
4,2025-02-23,4,3,False,0.01,0.01,0.1,65.54,34.34
4,2025-03-02,4,4,True,0.26,0.09,0.34,38.4,60.9
4,2025-03-05,4,3,False,0.04,0.02,0.2,54.63,45.12
4,2025-03-07,4,4,True,0.03,0.01,0.01,0.01,99.94
4,2025-03-10,4,4,True,0.04,0.02,0.02,0.05,99.87
4,2025-03-12,4,4,True,0.05,0.03,0.03,0.2,99.7
4,2025-03-15,4,4,True,0.03,0.03,0.03,0.04,99.86
4,2025-03-22,4,4,True,0.01,0.01,0.01,0.01,99.97
4,2025-03-25,4,4,True,0.0,0.0,0.01,0.01,99.98
4,2025-03-27,4,4,True,0.01,0.01,0.01,0.02,99.96
4,2025-03-29,4,4,True,0.0,0.0,0.0,0.01,99.98
4,2025-03-30,4,4,True,0.01,0.03,0.03,0.03,99.89
4,2025-04-01,4,4,True,0.0,0.0,0.0,0.0,99.99
4,2025-04-06,4,4,True,0.0,0.0,0.0,0.0,99.99
4,2025-04-09,4,4,True,0.01,0.02,0.02,0.01,99.94
4,2025-04-11,4,4,True,0.0,0.0,0.0,0.0,100.0
5,2024-12-27,1,1,True,0.3,87.35,12.12,0.2,0.03
5,2025-01-11,1,1,True,0.03,90.74,9.14,0.08,0.0
5,2025-01-19,1,1,True,0.13,58.82,39.66,1.33,0.06
5,2025-01-26,2,2,True,0.02,3.56,91.57,4.53,0.33
5,2025-01-29,2,2,True,0.08,7.92,82.6,9.27,0.12
5,2025-01-31,2,2,True,0.0,0.18,96.35,3.45,0.02
5,2025-02-03,2,2,True,0.0,0.13,86.87,12.99,0.01
5,2025-02-08,2,2,True,0.0,0.03,91.58,8.37,0.02
5,2025-02-10,2,2,True,0.0,0.09,93.12,6.79,0.01
5,2025-02-13,2,2,True,0.0,0.1,85.73,14.16,0.01
5,2025-02-15,2,2,True,0.0,0.06,81.9,18.03,0.01
5,2025-02-18,3,3,True,0.0,0.0,0.11,98.23,1.65
5,2025-02-23,3,3,True,0.0,0.01,0.1,96.42,3.47
5,2025-03-02,3,3,True,0.0,0.01,0.1,91.87,8.02
5,2025-03-05,3,3,True,0.01,0.03,0.52,91.31,8.12
5,2025-03-07,4,4,True,0.02,0.05,0.03,0.03,99.87
5,2025-03-10,4,4,True,0.0,0.01,0.02,0.02,99.96
5,2025-03-12,4,4,True,0.02,0.05,0.05,0.1,99.77
5,2025-03-15,4,4,True,0.01,0.05,0.04,0.03,99.87
5,2025-03-22,4,4,True,0.0,0.01,0.01,0.01,99.97
5,2025-03-25,4,4,True,0.01,0.04,0.04,0.03,99.88
5,2025-03-27,4,4,True,0.02,0.07,0.04,0.06,99.81
5,2025-03-29,4,4,True,0.0,0.01,0.02,0.01,99.96
5,2025-03-30,4,4,True,0.04,0.2,0.14,0.07,99.56
5,2025-04-01,4,4,True,0.0,0.01,0.02,0.0,99.96
5,2025-04-06,4,4,True,0.0,0.0,0.01,0.0,99.98
5,2025-04-09,4,4,True,0.0,0.02,0.03,0.01,99.94
5,2025-04-11,4,4,True,0.0,0.0,0.0,0.0,100.0
6,2024-12-27,1,1,True,0.2,81.82,17.6,0.37,0.01
6,2025-01-11,1,1,True,0.51,64.83,33.0,1.61,0.05
6,2025-01-19,1,2,False,0.34,36.74,57.44,5.41,0.08
6,2025-01-26,1,1,True,1.82,53.86,36.53,7.18,0.6
6,2025-01-29,1,2,False,1.45,41.58,44.55,11.9,0.52
6,2025-01-31,2,2,True,0.0,0.22,93.16,6.56,0.05
6,2025-02-03,2,2,True,0.0,0.43,83.84,15.69,0.04
6,2025-02-08,2,2,True,0.0,0.06,82.88,16.93,0.12
6,2025-02-10,2,2,True,0.01,0.37,74.07,25.22,0.34
6,2025-02-13,2,2,True,0.0,0.12,78.57,21.26,0.04
6,2025-02-15,2,2,True,0.0,0.1,66.47,33.07,0.35
6,2025-02-18,3,3,True,0.0,0.0,0.06,90.87,9.07
6,2025-02-23,3,3,True,0.0,0.0,0.05,90.25,9.7
6,2025-03-02,3,3,True,0.0,0.0,0.03,95.28,4.69
6,2025-03-05,3,3,True,0.0,0.0,0.06,88.05,11.88
6,2025-03-07,4,4,True,0.05,0.03,0.03,0.11,99.77
6,2025-03-10,4,4,True,0.02,0.01,0.03,0.47,99.48
6,2025-03-12,4,4,True,0.03,0.04,0.26,24.25,75.42
6,2025-03-15,4,4,True,0.04,0.06,0.09,1.1,98.7
6,2025-03-22,4,4,True,0.01,0.01,0.01,0.26,99.7
6,2025-03-25,4,4,True,0.03,0.03,0.04,0.32,99.58
6,2025-03-27,4,4,True,0.02,0.02,0.02,0.42,99.52
6,2025-03-29,4,4,True,0.01,0.0,0.01,0.29,99.69
6,2025-03-30,4,4,True,0.01,0.02,0.02,0.03,99.91
6,2025-04-01,4,4,True,0.01,0.02,0.02,0.03,99.92
6,2025-04-06,4,4,True,0.01,0.01,0.01,0.02,99.96
6,2025-04-09,4,4,True,0.01,0.01,0.02,0.01,99.95
6,2025-04-11,4,4,True,0.0,0.0,0.0,0.0,99.99
7,2024-12-27,1,1,True,0.23,86.6,12.93,0.22,0.01
7,2025-01-11,1,1,True,0.06,88.27,11.55,0.11,0.0
7,2025-01-19,1,2,False,0.23,41.02,54.92,3.75,0.08
7,2025-01-26,1,2,False,1.63,32.82,51.55,12.64,1.36
7,2025-01-29,1,1,True,1.38,50.65,35.96,11.62,0.39
7,2025-01-31,2,2,True,0.0,0.21,96.6,3.15,0.03
7,2025-02-03,2,2,True,0.0,0.31,89.53,10.11,0.06
7,2025-02-08,3,2,False,0.0,0.04,53.56,46.2,0.21
7,2025-02-10,3,3,True,0.01,0.15,37.16,62.4,0.28
7,2025-02-13,3,2,False,0.0,0.07,59.25,40.62,0.06
7,2025-02-15,3,3,True,0.0,0.01,5.55,94.29,0.16
7,2025-02-18,3,3,True,0.0,0.0,0.06,96.91,3.03
7,2025-02-23,3,3,True,0.0,0.0,0.05,94.36,5.59
7,2025-03-02,3,3,True,0.0,0.0,0.04,90.87,9.09
7,2025-03-05,3,3,True,0.0,0.0,0.06,85.82,14.12
7,2025-03-07,4,4,True,0.04,0.04,0.03,0.06,99.83
7,2025-03-10,4,4,True,0.01,0.0,0.01,0.02,99.97
7,2025-03-12,4,4,True,0.02,0.02,0.03,0.33,99.6
7,2025-03-15,4,4,True,0.01,0.01,0.01,0.01,99.96
7,2025-03-22,4,4,True,0.01,0.01,0.01,0.07,99.9
7,2025-03-25,4,4,True,0.01,0.02,0.02,0.04,99.91
7,2025-03-27,4,4,True,0.01,0.01,0.01,0.11,99.86
7,2025-03-29,4,4,True,0.0,0.01,0.01,0.02,99.96
7,2025-03-30,4,4,True,0.01,0.05,0.03,0.02,99.89
7,2025-04-01,4,4,True,0.0,0.01,0.01,0.01,99.98
7,2025-04-06,4,4,True,0.0,0.01,0.01,0.01,99.97
7,2025-04-09,4,4,True,0.0,0.02,0.04,0.01,99.92
7,2025-04-11,4,4,True,0.0,0.0,0.0,0.0,99.99
8,2024-12-27,1,1,True,0.27,81.91,17.42,0.39,0.02
8,2025-01-11,1,1,True,0.04,89.24,10.62,0.09,0.0
8,2025-01-19,1,2,False,0.11,46.13,50.99,2.73,0.04
8,2025-01-26,2,2,True,0.3,15.6,64.03,19.51,0.56
8,2025-01-29,2,2,True,1.16,30.6,48.87,18.56,0.79
8,2025-01-31,2,2,True,0.0,0.12,95.01,4.85,0.02
8,2025-02-03,2,2,True,0.0,0.23,89.79,9.92,0.07
8,2025-02-08,3,2,False,0.0,0.04,68.36,31.43,0.16
8,2025-02-10,3,3,True,0.0,0.08,18.22,81.45,0.26
8,2025-02-13,3,3,True,0.0,0.02,19.02,80.89,0.07
8,2025-02-15,3,3,True,0.0,0.01,3.39,96.49,0.12
8,2025-02-18,3,3,True,0.0,0.0,0.04,96.2,3.76
8,2025-02-23,3,3,True,0.0,0.0,0.03,95.79,4.18
8,2025-03-02,3,3,True,0.0,0.0,0.02,93.41,6.57
8,2025-03-05,3,3,True,0.0,0.0,0.03,89.67,10.29
8,2025-03-07,4,4,True,0.02,0.02,0.02,0.04,99.91
8,2025-03-10,4,4,True,0.01,0.01,0.01,0.04,99.94
8,2025-03-12,4,4,True,0.01,0.01,0.02,0.8,99.16
8,2025-03-15,4,4,True,0.01,0.02,0.02,0.05,99.9
8,2025-03-22,4,4,True,0.01,0.01,0.01,0.04,99.94
8,2025-03-25,4,4,True,0.01,0.01,0.01,0.03,99.93
8,2025-03-27,4,4,True,0.01,0.03,0.02,0.19,99.76
8,2025-03-29,4,4,True,0.0,0.01,0.01,0.03,99.95
8,2025-03-30,4,4,True,0.01,0.04,0.02,0.01,99.92
8,2025-04-01,4,4,True,0.0,0.01,0.01,0.01,99.97
8,2025-04-06,4,4,True,0.01,0.01,0.01,0.02,99.96
8,2025-04-09,4,4,True,0.0,0.01,0.02,0.01,99.96
8,2025-04-11,4,4,True,0.0,0.0,0.0,0.0,99.99
9,2024-12-27,1,1,True,0.21,88.13,11.49,0.14,0.04
9,2025-01-11,1,1,True,0.02,93.93,6.01,0.03,0.0
9,2025-01-19,1,1,True,0.12,81.21,18.24,0.41,0.01
9,2025-01-26,2,2,True,0.08,7.63,82.71,9.21,0.37
9,2025-01-29,2,2,True,0.01,1.22,88.17,10.5,0.1
9,2025-01-31,2,2,True,0.0,0.08,94.62,5.27,0.03
9,2025-02-03,2,2,True,0.0,0.22,77.27,22.45,0.05
9,2025-02-08,2,2,True,0.0,0.07,95.16,4.72,0.04
9,2025-02-10,2,2,True,0.0,0.34,88.78,10.84,0.04
9,2025-02-13,3,3,True,0.0,0.05,48.57,51.31,0.06
9,2025-02-15,3,2,False,0.0,0.07,64.66,35.19,0.08
9,2025-02-18,3,3,True,0.01,0.01,0.15,81.61,18.23
9,2025-02-23,3,3,True,0.0,0.01,0.12,86.54,13.33
9,2025-03-02,3,3,True,0.0,0.0,0.06,87.14,12.8
9,2025-03-05,3,3,True,0.0,0.0,0.1,83.36,16.53
9,2025-03-07,4,4,True,0.01,0.01,0.01,0.01,99.97
9,2025-03-10,4,4,True,0.01,0.01,0.01,0.04,99.94
9,2025-03-12,4,4,True,0.01,0.01,0.02,0.08,99.88
9,2025-03-15,4,4,True,0.01,0.05,0.04,0.04,99.86
9,2025-03-22,4,4,True,0.0,0.0,0.0,0.01,99.99
9,2025-03-25,4,4,True,0.0,0.0,0.01,0.01,99.98
9,2025-03-27,4,4,True,0.0,0.0,0.01,0.01,99.98
9,2025-03-29,4,4,True,0.0,0.0,0.01,0.01,99.98
9,2025-03-30,4,4,True,0.0,0.01,0.01,0.01,99.96
9,2025-04-01,4,4,True,0.0,0.0,0.0,0.0,99.99
9,2025-04-06,4,4,True,0.0,0.0,0.0,0.0,99.99
9,2025-04-09,4,4,True,0.0,0.01,0.02,0.01,99.96
9,2025-04-11,4,4,True,0.0,0.0,0.0,0.0,99.99
10,2024-12-27,1,1,True,0.22,86.87,12.71,0.17,0.03
10,2025-01-11,1,1,True,0.03,92.08,7.84,0.06,0.0
10,2025-01-19,1,1,True,0.22,51.8,45.51,2.39,0.07
10,2025-01-26,2,2,True,0.33,12.66,68.74,17.21,1.06
10,2025-01-29,2,2,True,0.03,1.92,74.11,23.7,0.25
10,2025-01-31,2,2,True,0.0,0.04,80.54,19.37,0.05
10,2025-02-03,2,2,True,0.0,0.11,69.84,30.0,0.05
10,2025-02-08,2,3,False,0.0,0.03,34.37,64.94,0.66
10,2025-02-10,2,3,False,0.0,0.08,10.43,89.06,0.43
10,2025-02-13,2,3,False,0.0,0.07,43.68,56.13,0.12
10,2025-02-15,3,3,True,0.0,0.01,2.69,96.77,0.53
10,2025-02-18,3,3,True,0.0,0.0,0.06,78.56,21.37
10,2025-02-23,3,3,True,0.0,0.0,0.05,73.86,26.07
10,2025-03-02,3,3,True,0.03,0.01,0.09,52.8,47.07
10,2025-03-05,3,3,True,0.0,0.0,0.05,73.24,26.7
10,2025-03-07,4,4,True,0.02,0.02,0.01,0.04,99.92
10,2025-03-10,4,4,True,0.01,0.01,0.01,0.08,99.9
10,2025-03-12,4,4,True,0.01,0.01,0.01,0.15,99.83
10,2025-03-15,4,4,True,0.01,0.01,0.01,0.06,99.9
10,2025-03-22,4,4,True,0.0,0.0,0.0,0.02,99.96
10,2025-03-25,4,4,True,0.01,0.01,0.01,0.06,99.91
10,2025-03-27,4,4,True,0.01,0.01,0.0,0.03,99.95
10,2025-03-29,4,4,True,0.01,0.01,0.01,0.12,99.86
10,2025-03-30,4,4,True,0.01,0.01,0.01,0.01,99.95
10,2025-04-01,4,4,True,0.0,0.0,0.01,0.01,99.98
10,2025-04-06,4,4,True,0.01,0.01,0.01,0.01,99.97
10,2025-04-09,4,4,True,0.01,0.02,0.02,0.02,99.92
10,2025-04-11,4,4,True,0.0,0.0,0.0,0.0,99.99
11,2024-12-27,1,1,True,0.13,93.17,6.65,0.04,0.01
11,2025-01-11,1,1,True,0.04,80.36,19.34,0.26,0.0
11,2025-01-19,1,1,True,0.03,67.9,31.41,0.66,0.0
11,2025-01-26,2,2,True,0.01,1.52,78.67,19.77,0.04
11,2025-01-29,2,2,True,0.01,0.37,76.01,23.51,0.1
11,2025-01-31,2,2,True,0.0,0.17,89.57,10.21,0.06
11,2025-02-03,2,2,True,0.0,0.1,90.06,9.78,0.06
11,2025-02-08,2,2,True,0.01,0.26,96.69,2.91,0.13
11,2025-02-10,2,2,True,0.19,4.12,80.72,14.35,0.61
11,2025-02-13,2,2,True,0.0,0.09,62.26,37.4,0.25
11,2025-02-15,2,2,True,0.04,0.87,83.86,14.83,0.41
11,2025-02-18,3,3,True,0.05,0.04,0.51,55.32,44.07
11,2025-02-23,3,4,False,0.08,0.12,2.56,39.3,57.94
11,2025-03-02,3,3,True,0.02,0.02,0.43,79.61,19.92
11,2025-03-05,3,3,True,0.02,0.03,1.14,78.01,20.81
11,2025-03-07,4,4,True,0.0,0.01,0.01,0.03,99.96
11,2025-03-10,4,4,True,0.0,0.0,0.0,0.01,99.98
11,2025-03-12,4,4,True,0.01,0.02,0.08,0.27,99.62
11,2025-03-15,4,4,True,0.0,0.01,0.01,0.02,99.96
11,2025-03-22,4,4,True,0.0,0.0,0.0,0.01,99.98
11,2025-03-25,4,4,True,0.0,0.0,0.01,0.01,99.98
11,2025-03-27,4,4,True,0.0,0.0,0.01,0.01,99.98
11,2025-03-29,4,4,True,0.0,0.0,0.0,0.01,99.98
11,2025-03-30,4,4,True,0.0,0.0,0.0,0.0,99.99
11,2025-04-01,4,4,True,0.0,0.0,0.0,0.0,99.99
11,2025-04-06,4,4,True,0.0,0.0,0.01,0.0,99.99
11,2025-04-09,4,4,True,0.0,0.0,0.01,0.0,99.98
11,2025-04-11,4,4,True,0.0,0.0,0.01,0.0,99.99
12,2024-12-27,1,1,True,0.45,90.25,9.19,0.08,0.02
12,2025-01-11,1,1,True,0.04,88.56,11.3,0.1,0.0
12,2025-01-19,2,2,True,0.01,2.4,92.77,4.77,0.05
12,2025-01-26,2,2,True,0.08,4.74,87.36,7.62,0.2
12,2025-01-29,2,2,True,0.12,2.88,90.21,6.16,0.63
12,2025-01-31,2,2,True,0.01,0.3,92.96,6.47,0.26
12,2025-02-03,2,2,True,0.01,0.34,88.19,11.18,0.29
12,2025-02-08,2,2,True,0.02,0.28,92.01,6.93,0.75
12,2025-02-10,2,2,True,0.15,1.29,89.39,7.24,1.92
12,2025-02-13,2,2,True,0.03,0.41,92.16,6.93,0.46
12,2025-02-15,3,3,True,0.08,0.21,13.14,64.61,21.96
12,2025-02-18,3,3,True,0.03,0.03,0.17,54.57,45.19
12,2025-02-23,3,4,False,0.12,0.12,0.76,42.26,56.74
12,2025-03-02,3,3,True,0.06,0.05,0.21,52.5,47.19
12,2025-03-05,3,3,True,0.02,0.03,0.37,65.84,33.74
12,2025-03-07,4,4,True,0.01,0.01,0.01,0.12,99.85
12,2025-03-10,4,4,True,0.0,0.0,0.0,0.02,99.98
12,2025-03-12,4,4,True,0.01,0.01,0.03,0.05,99.91
12,2025-03-15,4,4,True,0.0,0.0,0.0,0.0,99.99
12,2025-03-22,4,4,True,0.01,0.01,0.01,0.12,99.85
12,2025-03-25,4,4,True,0.0,0.0,0.0,0.01,99.98
12,2025-03-27,4,4,True,0.01,0.01,0.01,0.03,99.94
12,2025-03-29,4,4,True,0.01,0.03,0.02,0.04,99.9
12,2025-03-30,4,4,True,0.0,0.04,0.03,0.01,99.91
12,2025-04-01,4,4,True,0.0,0.02,0.02,0.01,99.95
12,2025-04-06,4,4,True,0.0,0.01,0.01,0.01,99.96
12,2025-04-09,4,4,True,0.0,0.01,0.01,0.0,99.97
12,2025-04-11,4,4,True,0.0,0.02,0.02,0.01,99.95
13,2024-12-27,1,1,True,0.13,93.1,6.72,0.04,0.01
13,2025-01-11,1,1,True,0.04,79.59,20.1,0.26,0.0
13,2025-01-19,2,1,False,0.03,67.91,31.39,0.67,0.0
13,2025-01-26,3,2,False,0.01,1.43,75.86,22.66,0.04
13,2025-01-29,3,2,False,0.01,0.3,67.86,31.71,0.12
13,2025-01-31,3,2,False,0.0,0.17,86.83,12.94,0.06
13,2025-02-03,3,2,False,0.0,0.1,88.32,11.51,0.07
13,2025-02-08,3,2,False,0.01,0.26,96.22,3.37,0.14
13,2025-02-10,3,2,False,0.22,4.35,78.17,16.56,0.7
13,2025-02-13,3,3,True,0.0,0.07,49.79,49.83,0.3
13,2025-02-15,3,2,False,0.04,0.92,78.75,19.75,0.54
13,2025-02-18,3,3,True,0.05,0.04,0.4,54.35,45.17
13,2025-02-23,3,4,False,0.08,0.11,2.01,38.39,59.4
13,2025-03-02,3,3,True,0.02,0.02,0.34,78.12,21.51
13,2025-03-05,3,3,True,0.02,0.03,0.97,76.84,22.15
13,2025-03-07,4,4,True,0.01,0.01,0.01,0.03,99.95
13,2025-03-10,4,4,True,0.0,0.0,0.0,0.02,99.98
13,2025-03-12,4,4,True,0.01,0.02,0.07,0.27,99.63
13,2025-03-15,4,4,True,0.0,0.01,0.01,0.02,99.96
13,2025-03-22,4,4,True,0.0,0.0,0.0,0.02,99.98
13,2025-03-25,4,4,True,0.0,0.0,0.0,0.01,99.98
13,2025-03-27,4,4,True,0.0,0.0,0.01,0.01,99.98
13,2025-03-29,4,4,True,0.0,0.0,0.0,0.01,99.98
13,2025-03-30,4,4,True,0.0,0.0,0.0,0.0,99.99
13,2025-04-01,4,4,True,0.0,0.0,0.0,0.0,99.99
13,2025-04-06,4,4,True,0.0,0.0,0.01,0.0,99.99
13,2025-04-09,4,4,True,0.0,0.0,0.01,0.0,99.98
13,2025-04-11,4,4,True,0.0,0.0,0.01,0.0,99.99
14,2024-12-27,1,1,True,0.12,88.55,11.17,0.14,0.02
14,2025-01-11,2,2,True,0.01,10.69,84.55,4.74,0.01
14,2025-01-19,2,2,True,0.01,1.6,73.22,25.15,0.03
14,2025-01-26,3,3,True,0.0,0.19,16.29,83.39,0.12
14,2025-01-29,3,3,True,0.0,0.02,3.57,96.28,0.13
14,2025-01-31,3,3,True,0.0,0.0,2.28,97.61,0.1
14,2025-02-03,3,3,True,0.0,0.01,3.63,96.23,0.13
14,2025-02-08,3,3,True,0.0,0.0,1.6,96.89,1.5
14,2025-02-10,3,3,True,0.0,0.0,0.38,98.2,1.42
14,2025-02-13,3,3,True,0.0,0.0,0.21,98.25,1.54
14,2025-02-15,3,3,True,0.01,0.02,0.59,93.2,6.19
14,2025-02-18,4,3,False,0.03,0.02,0.1,52.69,47.16
14,2025-02-23,4,4,True,0.15,0.13,0.55,30.11,69.06
14,2025-03-02,4,4,True,0.04,0.03,0.1,45.37,54.46
14,2025-03-05,4,4,True,0.07,0.05,0.3,35.15,64.42
14,2025-03-07,4,4,True,0.0,0.01,0.0,0.01,99.98
14,2025-03-10,4,4,True,0.0,0.0,0.0,0.02,99.98
14,2025-03-12,4,4,True,0.01,0.02,0.02,0.11,99.84
14,2025-03-15,4,4,True,0.0,0.02,0.01,0.01,99.96
14,2025-03-22,4,4,True,0.0,0.0,0.0,0.0,100.0
14,2025-03-25,4,4,True,0.0,0.0,0.01,0.0,99.99
14,2025-03-27,4,4,True,0.0,0.0,0.01,0.0,99.99
14,2025-03-29,4,4,True,0.0,0.01,0.01,0.01,99.97
14,2025-03-30,4,4,True,0.0,0.0,0.0,0.0,99.99
14,2025-04-01,4,4,True,0.0,0.0,0.01,0.0,99.99
14,2025-04-06,4,4,True,0.0,0.02,0.03,0.02,99.94
14,2025-04-09,4,4,True,0.02,0.06,0.13,0.07,99.72
14,2025-04-11,4,4,True,0.01,0.02,0.03,0.03,99.91
15,2024-12-27,2,2,True,1.09,43.57,52.36,2.26,0.72
15,2025-01-11,2,2,True,0.01,7.61,90.2,2.18,0.0
15,2025-01-19,3,2,False,0.01,4.73,77.2,18.06,0.01
15,2025-01-26,3,2,False,0.0,0.89,75.51,23.59,0.01
15,2025-01-29,3,3,True,0.0,0.01,2.1,97.74,0.15
15,2025-01-31,3,3,True,0.0,0.02,4.59,95.17,0.21
15,2025-02-03,3,3,True,0.0,0.0,0.67,98.56,0.77
15,2025-02-08,3,3,True,0.0,0.0,0.51,94.08,5.4
15,2025-02-10,3,3,True,0.0,0.01,0.54,93.26,6.19
15,2025-02-13,3,3,True,0.0,0.0,0.09,97.03,2.88
15,2025-02-15,3,3,True,0.01,0.01,0.19,79.81,19.99
15,2025-02-18,4,4,True,0.14,0.05,0.18,25.66,73.97
15,2025-02-23,4,4,True,0.11,0.05,0.18,14.97,84.7
15,2025-03-02,4,4,True,0.03,0.02,0.07,40.63,59.25
15,2025-03-05,4,4,True,0.07,0.04,0.27,16.15,83.49
15,2025-03-07,4,4,True,0.01,0.01,0.0,0.05,99.93
15,2025-03-10,4,4,True,0.0,0.0,0.0,0.01,99.99
15,2025-03-12,4,4,True,0.01,0.01,0.01,0.04,99.94
15,2025-03-15,4,4,True,0.0,0.0,0.0,0.0,99.99
15,2025-03-22,4,4,True,0.0,0.0,0.0,0.0,100.0
15,2025-03-25,4,4,True,0.0,0.0,0.0,0.0,99.99
15,2025-03-27,4,4,True,0.0,0.0,0.01,0.0,99.99
15,2025-03-29,4,4,True,0.0,0.0,0.0,0.0,99.99
15,2025-03-30,4,4,True,0.0,0.0,0.0,0.0,99.99
15,2025-04-01,4,4,True,0.0,0.0,0.01,0.0,99.99
15,2025-04-06,4,4,True,0.0,0.01,0.01,0.0,99.98
15,2025-04-09,4,4,True,0.0,0.01,0.02,0.01,99.96
15,2025-04-11,4,4,True,0.0,0.01,0.01,0.01,99.96
16,2024-12-27,1,1,True,0.28,84.03,15.36,0.27,0.06
16,2025-01-11,2,1,False,0.05,88.76,11.08,0.1,0.0
16,2025-01-19,2,2,True,0.01,7.77,88.13,4.04,0.05
16,2025-01-26,3,2,False,0.02,1.57,73.9,23.95,0.56
16,2025-01-29,3,2,False,0.0,0.36,75.42,24.17,0.04
16,2025-01-31,3,2,False,0.0,0.02,55.51,44.43,0.04
16,2025-02-03,3,3,True,0.0,0.03,45.45,54.5,0.02
16,2025-02-08,3,3,True,0.0,0.0,1.77,97.98,0.25
16,2025-02-10,3,3,True,0.0,0.0,1.21,98.61,0.17
16,2025-02-13,3,3,True,0.0,0.0,1.27,98.58,0.15
16,2025-02-15,3,3,True,0.0,0.01,0.82,98.6,0.58
16,2025-02-18,4,3,False,0.0,0.0,0.04,80.18,19.78
16,2025-02-23,4,4,True,0.08,0.04,0.2,34.68,64.99
16,2025-03-02,4,4,True,0.05,0.02,0.1,44.53,55.3
16,2025-03-05,4,3,False,0.02,0.01,0.11,51.55,48.3
16,2025-03-07,4,4,True,0.01,0.01,0.01,0.02,99.96
16,2025-03-10,4,4,True,0.0,0.0,0.0,0.03,99.96
16,2025-03-12,4,4,True,0.01,0.01,0.02,0.37,99.58
16,2025-03-15,4,4,True,0.02,0.03,0.02,0.25,99.68
16,2025-03-22,4,4,True,0.0,0.0,0.0,0.03,99.95
16,2025-03-25,4,4,True,0.0,0.01,0.01,0.02,99.96
16,2025-03-27,4,4,True,0.0,0.0,0.0,0.01,99.99
16,2025-03-29,4,4,True,0.0,0.0,0.0,0.01,99.98
16,2025-03-30,4,4,True,0.0,0.01,0.01,0.01,99.97
16,2025-04-01,4,4,True,0.0,0.0,0.0,0.0,99.99
16,2025-04-06,4,4,True,0.0,0.0,0.0,0.01,99.99
16,2025-04-09,4,4,True,0.01,0.0,0.01,0.01,99.97
16,2025-04-11,4,4,True,0.0,0.0,0.0,0.0,100.0
17,2024-12-27,1,1,True,0.09,94.92,4.96,0.02,0.0
17,2025-01-11,2,2,True,0.03,8.94,84.55,6.45,0.03
17,2025-01-19,2,2,True,0.0,1.87,88.58,9.52,0.02
17,2025-01-26,3,3,True,0.03,1.83,27.56,70.35,0.22
17,2025-01-29,3,3,True,0.0,0.15,23.02,76.69,0.14
17,2025-01-31,3,3,True,0.0,0.01,5.77,93.88,0.34
17,2025-02-03,3,3,True,0.0,0.01,6.27,93.62,0.1
17,2025-02-08,3,3,True,0.0,0.0,1.15,97.47,1.37
17,2025-02-10,3,3,True,0.0,0.02,1.82,95.44,2.71
17,2025-02-13,3,3,True,0.0,0.01,2.7,95.21,2.08
17,2025-02-15,3,3,True,0.05,0.09,3.22,81.98,14.67
17,2025-02-18,4,4,True,0.06,0.02,0.16,47.44,52.32
17,2025-02-23,4,4,True,0.35,0.17,0.83,14.06,84.58
17,2025-03-02,4,4,True,0.29,0.14,0.39,26.7,72.48
17,2025-03-05,4,4,True,0.03,0.02,0.12,44.2,55.63
17,2025-03-07,4,4,True,0.01,0.01,0.01,0.03,99.93
17,2025-03-10,4,4,True,0.01,0.0,0.0,0.04,99.95
17,2025-03-12,4,4,True,0.02,0.02,0.02,0.18,99.76
17,2025-03-15,4,4,True,0.01,0.01,0.01,0.02,99.96
17,2025-03-22,4,4,True,0.0,0.0,0.0,0.01,99.98
17,2025-03-25,4,4,True,0.0,0.0,0.0,0.01,99.98
17,2025-03-27,4,4,True,0.0,0.0,0.0,0.0,99.99
17,2025-03-29,4,4,True,0.0,0.01,0.0,0.01,99.97
17,2025-03-30,4,4,True,0.0,0.01,0.01,0.01,99.97
17,2025-04-01,4,4,True,0.0,0.0,0.0,0.0,99.99
17,2025-04-06,4,4,True,0.0,0.0,0.0,0.0,99.99
17,2025-04-09,4,4,True,0.01,0.01,0.02,0.02,99.94
17,2025-04-11,4,4,True,0.0,0.0,0.0,0.0,99.99
18,2024-12-27,1,1,True,0.24,85.54,14.0,0.2,0.02
18,2025-01-11,2,2,True,0.02,5.35,90.98,3.61,0.05
18,2025-01-19,2,2,True,0.0,1.67,87.08,11.22,0.02
18,2025-01-26,3,3,True,0.02,1.06,46.07,52.7,0.16
18,2025-01-29,3,3,True,0.0,0.04,11.34,88.48,0.15
18,2025-01-31,3,3,True,0.0,0.01,12.17,87.58,0.25
18,2025-02-03,3,3,True,0.0,0.01,6.35,93.57,0.08
18,2025-02-08,3,3,True,0.0,0.0,0.32,98.8,0.89
18,2025-02-10,3,3,True,0.0,0.0,0.32,98.92,0.75
18,2025-02-13,3,3,True,0.0,0.0,0.31,98.01,1.68
18,2025-02-15,3,3,True,0.0,0.0,0.15,95.32,4.53
18,2025-02-18,4,3,False,0.0,0.0,0.03,66.4,33.57
18,2025-02-23,4,4,True,0.09,0.04,0.16,28.46,71.26
18,2025-03-02,4,4,True,0.02,0.01,0.06,49.08,50.82
18,2025-03-05,4,3,False,0.01,0.0,0.05,61.32,38.62
18,2025-03-07,4,4,True,0.01,0.01,0.01,0.31,99.66
18,2025-03-10,4,4,True,0.01,0.0,0.01,0.57,99.41
18,2025-03-12,4,4,True,0.02,0.02,0.02,1.56,98.39
18,2025-03-15,4,4,True,0.01,0.01,0.01,0.13,99.85
18,2025-03-22,4,4,True,0.0,0.0,0.0,0.1,99.89
18,2025-03-25,4,4,True,0.01,0.0,0.0,0.03,99.95
18,2025-03-27,4,4,True,0.0,0.0,0.0,0.02,99.97
18,2025-03-29,4,4,True,0.0,0.0,0.0,0.09,99.89
18,2025-03-30,4,4,True,0.01,0.01,0.01,0.02,99.95
18,2025-04-01,4,4,True,0.01,0.01,0.01,0.01,99.97
18,2025-04-06,4,4,True,0.01,0.01,0.01,0.02,99.95
18,2025-04-09,4,4,True,0.02,0.05,0.06,0.05,99.81
18,2025-04-11,4,4,True,0.0,0.01,0.01,0.01,99.96
19,2024-12-27,1,1,True,0.38,88.4,11.04,0.15,0.02
19,2025-01-11,1,1,True,0.04,91.72,8.17,0.06,0.0
19,2025-01-19,2,2,True,0.1,19.4,72.33,8.13,0.04
19,2025-01-26,3,2,False,0.09,4.9,74.07,20.39,0.55
19,2025-01-29,3,3,True,0.01,0.27,13.24,86.32,0.17
19,2025-01-31,3,3,True,0.0,0.02,28.97,70.93,0.08
19,2025-02-03,3,3,True,0.0,0.03,5.83,93.99,0.15
19,2025-02-08,3,3,True,0.0,0.02,5.02,93.84,1.12
19,2025-02-10,3,3,True,0.0,0.04,1.93,97.36,0.66
19,2025-02-13,3,3,True,0.0,0.03,1.67,97.77,0.54
19,2025-02-15,3,3,True,0.01,0.04,1.43,96.25,2.27
19,2025-02-18,3,3,True,0.03,0.01,0.13,59.93,39.9
19,2025-02-23,3,4,False,0.03,0.01,0.09,48.62,51.25
19,2025-03-02,3,4,False,0.05,0.03,0.14,48.7,51.08
19,2025-03-05,3,3,True,0.01,0.01,0.09,70.72,29.18
19,2025-03-07,3,4,False,0.09,0.09,0.1,0.42,99.29
19,2025-03-10,3,4,False,0.05,0.03,0.06,2.41,97.46
19,2025-03-12,3,4,False,0.05,0.07,0.33,23.81,75.75
19,2025-03-15,4,4,True,0.05,0.09,0.07,0.27,99.52
19,2025-03-22,4,4,True,0.04,0.04,0.04,0.51,99.37
19,2025-03-25,4,4,True,0.03,0.03,0.03,0.15,99.76
19,2025-03-27,4,4,True,0.02,0.03,0.02,0.12,99.82
19,2025-03-29,4,4,True,0.01,0.01,0.01,0.21,99.77
19,2025-03-30,4,4,True,0.02,0.04,0.03,0.05,99.86
19,2025-04-01,4,4,True,0.02,0.02,0.02,0.03,99.91
19,2025-04-06,4,4,True,0.01,0.01,0.01,0.04,99.93
19,2025-04-09,4,4,True,0.02,0.03,0.03,0.14,99.77
19,2025-04-11,4,4,True,0.0,0.01,0.01,0.01,99.97
20,2024-12-27,1,1,True,0.17,83.84,15.66,0.31,0.02
20,2025-01-11,2,2,True,0.07,28.42,66.93,4.56,0.03
20,2025-01-19,2,2,True,0.02,6.63,84.24,9.03,0.07
20,2025-01-26,3,2,False,0.41,14.74,50.41,33.83,0.61
20,2025-01-29,3,2,False,0.09,4.85,65.94,28.84,0.28
20,2025-01-31,3,2,False,0.0,0.03,70.49,29.43,0.05
20,2025-02-03,3,3,True,0.0,0.06,35.81,64.08,0.05
20,2025-02-08,3,3,True,0.0,0.01,3.78,95.8,0.42
20,2025-02-10,3,3,True,0.0,0.07,5.32,93.86,0.74
20,2025-02-13,3,3,True,0.0,0.03,5.86,93.12,0.99
20,2025-02-15,3,3,True,0.0,0.07,17.48,81.77,0.68
20,2025-02-18,3,3,True,0.0,0.0,0.04,88.38,11.57
20,2025-02-23,4,4,True,0.13,0.18,1.15,47.67,50.86
20,2025-03-02,4,4,True,0.11,0.07,0.24,37.63,61.94
20,2025-03-05,4,3,False,0.01,0.0,0.07,74.54,25.38
20,2025-03-07,4,4,True,0.01,0.03,0.02,0.03,99.91
20,2025-03-10,4,4,True,0.0,0.01,0.01,0.04,99.95
20,2025-03-12,4,4,True,0.02,0.04,0.06,0.38,99.5
20,2025-03-15,4,4,True,0.01,0.03,0.02,0.06,99.88
20,2025-03-22,4,4,True,0.0,0.01,0.01,0.05,99.93
20,2025-03-25,4,4,True,0.01,0.01,0.01,0.03,99.94
20,2025-03-27,4,4,True,0.0,0.0,0.0,0.01,99.98
20,2025-03-29,4,4,True,0.0,0.0,0.0,0.02,99.97
20,2025-03-30,4,4,True,0.0,0.01,0.01,0.01,99.97
20,2025-04-01,4,4,True,0.0,0.0,0.01,0.01,99.98
20,2025-04-06,4,4,True,0.0,0.01,0.01,0.02,99.96
20,2025-04-09,4,4,True,0.0,0.01,0.01,0.01,99.97
20,2025-04-11,4,4,True,0.0,0.0,0.0,0.0,99.99
21,2024-12-27,1,1,True,0.19,88.85,10.79,0.11,0.05
21,2025-01-11,2,1,False,0.02,92.99,6.94,0.04,0.0
21,2025-01-19,2,1,False,0.11,74.6,24.58,0.7,0.01
21,2025-01-26,3,2,False,0.01,1.3,88.2,10.28,0.21
21,2025-01-29,3,3,True,0.01,0.24,32.22,67.31,0.22
21,2025-01-31,3,2,False,0.0,0.02,65.72,34.24,0.02
21,2025-02-03,3,3,True,0.0,0.03,13.22,86.69,0.06
21,2025-02-08,3,3,True,0.0,0.01,4.97,94.23,0.79
21,2025-02-10,3,3,True,0.0,0.01,3.25,96.61,0.13
21,2025-02-13,3,3,True,0.0,0.01,5.44,94.28,0.27
21,2025-02-15,3,3,True,0.0,0.01,1.34,98.25,0.39
21,2025-02-18,4,4,True,0.14,0.07,0.36,45.75,53.68
21,2025-02-23,4,4,True,0.03,0.02,0.13,48.58,51.25
21,2025-03-02,4,4,True,0.32,0.11,0.32,26.86,72.38
21,2025-03-05,4,3,False,0.02,0.01,0.13,52.31,47.53
21,2025-03-07,4,4,True,0.02,0.01,0.01,0.03,99.93
21,2025-03-10,4,4,True,0.01,0.01,0.01,0.19,99.78
21,2025-03-12,4,4,True,0.02,0.01,0.01,0.13,99.84
21,2025-03-15,4,4,True,0.02,0.03,0.02,0.16,99.77
21,2025-03-22,4,4,True,0.01,0.0,0.0,0.02,99.96
21,2025-03-25,4,4,True,0.0,0.01,0.01,0.01,99.97
21,2025-03-27,4,4,True,0.01,0.0,0.0,0.02,99.97
21,2025-03-29,4,4,True,0.01,0.0,0.0,0.03,99.96
21,2025-03-30,4,4,True,0.01,0.02,0.02,0.03,99.93
21,2025-04-01,4,4,True,0.0,0.0,0.0,0.0,99.99
21,2025-04-06,4,4,True,0.0,0.0,0.0,0.01,99.98
21,2025-04-09,4,4,True,0.02,0.03,0.02,0.08,99.85
21,2025-04-11,4,4,True,0.0,0.01,0.0,0.01,99.97
22,2024-12-27,1,1,True,0.1,91.93,7.88,0.08,0.01
22,2025-01-11,1,1,True,0.04,89.87,10.01,0.07,0.0
22,2025-01-19,2,2,True,0.0,2.38,90.74,6.86,0.02
22,2025-01-26,3,2,False,0.02,2.72,57.19,39.98,0.09
22,2025-01-29,3,2,False,0.01,0.71,88.29,10.97,0.03
22,2025-01-31,3,2,False,0.0,0.03,72.81,27.13,0.03
22,2025-02-03,3,3,True,0.0,0.01,11.94,87.86,0.19
22,2025-02-08,3,3,True,0.0,0.0,1.85,97.67,0.47
22,2025-02-10,3,3,True,0.0,0.02,3.18,95.78,1.02
22,2025-02-13,3,3,True,0.0,0.0,1.93,96.93,1.13
22,2025-02-15,3,3,True,0.0,0.0,0.51,98.35,1.14
22,2025-02-18,3,3,True,0.0,0.0,0.04,85.39,14.57
22,2025-02-23,3,3,True,0.01,0.0,0.05,70.25,29.69
22,2025-03-02,3,3,True,0.0,0.0,0.01,88.5,11.49
22,2025-03-05,3,3,True,0.01,0.0,0.07,65.0,34.91
22,2025-03-07,4,4,True,0.01,0.0,0.01,0.15,99.83
22,2025-03-10,4,4,True,0.01,0.0,0.0,0.19,99.79
22,2025-03-12,4,4,True,0.01,0.01,0.01,0.62,99.35
22,2025-03-15,4,4,True,0.01,0.01,0.01,0.03,99.94
22,2025-03-22,4,4,True,0.01,0.0,0.0,0.06,99.93
22,2025-03-25,4,4,True,0.01,0.01,0.01,0.04,99.94
22,2025-03-27,4,4,True,0.01,0.01,0.01,0.06,99.92
22,2025-03-29,4,4,True,0.0,0.0,0.0,0.07,99.91
22,2025-03-30,4,4,True,0.0,0.01,0.01,0.01,99.97
22,2025-04-01,4,4,True,0.0,0.0,0.0,0.0,99.99
22,2025-04-06,4,4,True,0.01,0.01,0.01,0.02,99.95
22,2025-04-09,4,4,True,0.0,0.0,0.01,0.01,99.98
22,2025-04-11,4,4,True,0.01,0.01,0.01,0.01,99.96
23,2024-12-27,1,1,True,0.03,95.61,4.34,0.02,0.0
23,2025-01-11,1,1,True,0.05,61.62,37.2,1.12,0.01
23,2025-01-19,2,2,True,0.0,1.96,87.63,10.4,0.01
23,2025-01-26,3,3,True,0.01,0.88,20.36,78.63,0.12
23,2025-01-29,3,3,True,0.01,0.5,48.1,51.27,0.12
23,2025-01-31,3,3,True,0.0,0.02,24.72,75.1,0.15
23,2025-02-03,3,3,True,0.0,0.0,1.57,98.25,0.17
23,2025-02-08,3,3,True,0.0,0.0,0.24,98.88,0.88
23,2025-02-10,3,3,True,0.0,0.0,0.19,98.58,1.22
23,2025-02-13,3,3,True,0.0,0.0,0.58,99.05,0.37
23,2025-02-15,3,3,True,0.0,0.0,0.09,97.89,2.02
23,2025-02-18,3,3,True,0.0,0.0,0.02,81.49,18.49
23,2025-02-23,3,3,True,0.0,0.0,0.02,73.31,26.67
23,2025-03-02,3,3,True,0.0,0.0,0.02,63.82,36.15
23,2025-03-05,3,3,True,0.0,0.0,0.01,87.65,12.34
23,2025-03-07,4,4,True,0.01,0.01,0.01,0.05,99.92
23,2025-03-10,4,4,True,0.01,0.0,0.0,0.34,99.64
23,2025-03-12,4,4,True,0.01,0.02,0.03,5.59,94.34
23,2025-03-15,4,4,True,0.01,0.02,0.02,0.62,99.33
23,2025-03-22,4,4,True,0.0,0.0,0.0,0.08,99.9
23,2025-03-25,4,4,True,0.01,0.01,0.01,0.03,99.95
23,2025-03-27,4,4,True,0.0,0.0,0.0,0.02,99.98
23,2025-03-29,4,4,True,0.0,0.0,0.0,0.02,99.97
23,2025-03-30,4,4,True,0.0,0.0,0.0,0.0,99.99
23,2025-04-01,4,4,True,0.0,0.0,0.01,0.01,99.98
23,2025-04-06,4,4,True,0.0,0.01,0.01,0.01,99.97
23,2025-04-09,4,4,True,0.0,0.01,0.01,0.01,99.98
23,2025-04-11,4,4,True,0.0,0.0,0.0,0.0,100.0
24,2024-12-27,1,1,True,0.13,92.46,7.35,0.05,0.01
24,2025-01-11,1,1,True,0.02,90.38,9.53,0.07,0.0
24,2025-01-19,2,2,True,0.0,2.14,76.71,21.13,0.01
24,2025-01-26,3,3,True,0.01,0.12,4.58,94.58,0.72
24,2025-01-29,3,3,True,0.0,0.01,1.03,98.39,0.57
24,2025-01-31,3,3,True,0.0,0.01,1.69,96.45,1.84
24,2025-02-03,3,3,True,0.0,0.0,0.54,98.31,1.15
24,2025-02-08,3,3,True,0.0,0.0,0.13,96.04,3.83
24,2025-02-10,3,3,True,0.0,0.01,0.34,95.51,4.13
24,2025-02-13,3,3,True,0.0,0.0,0.14,91.26,8.6
24,2025-02-15,3,3,True,0.01,0.01,0.3,89.22,10.47
24,2025-02-18,3,4,False,0.04,0.02,0.1,44.61,55.23
24,2025-02-23,3,3,True,0.0,0.0,0.02,85.18,14.81
24,2025-03-02,3,3,True,0.0,0.0,0.01,87.33,12.66
24,2025-03-05,3,3,True,0.0,0.0,0.01,82.33,17.66
24,2025-03-07,3,4,False,0.02,0.05,0.2,27.31,72.42
24,2025-03-10,3,3,True,0.01,0.01,0.07,68.49,31.42
24,2025-03-12,3,3,True,0.02,0.04,0.18,71.45,28.32
24,2025-03-15,4,4,True,0.02,0.02,0.05,5.48,94.43
24,2025-03-22,4,4,True,0.01,0.01,0.01,0.23,99.75
24,2025-03-25,4,4,True,0.02,0.01,0.02,0.74,99.21
24,2025-03-27,4,4,True,0.01,0.01,0.01,0.25,99.72
24,2025-03-29,4,4,True,0.01,0.0,0.01,0.65,99.33
24,2025-03-30,4,4,True,0.02,0.04,0.03,0.32,99.59
24,2025-04-01,4,4,True,0.03,0.04,0.03,0.1,99.81
24,2025-04-06,4,4,True,0.01,0.03,0.02,0.09,99.84
24,2025-04-09,4,4,True,0.02,0.02,0.02,0.05,99.89
24,2025-04-11,4,4,True,0.01,0.06,0.03,0.05,99.85
25,2024-12-27,1,1,True,0.44,86.51,12.8,0.18,0.07
25,2025-01-11,2,2,True,0.03,26.48,72.33,1.14,0.02
25,2025-01-19,2,2,True,0.01,3.9,78.03,18.02,0.03
25,2025-01-26,3,3,True,0.01,0.24,15.58,83.92,0.25
25,2025-01-29,3,3,True,0.0,0.01,0.95,98.73,0.32
25,2025-01-31,3,3,True,0.0,0.01,4.24,95.45,0.31
25,2025-02-03,3,3,True,0.0,0.01,1.57,97.99,0.43
25,2025-02-08,3,3,True,0.02,0.08,19.81,73.29,6.79
25,2025-02-10,3,3,True,0.01,0.06,2.01,95.3,2.62
25,2025-02-13,3,3,True,0.0,0.01,0.53,96.4,3.06
25,2025-02-15,3,3,True,0.05,0.12,3.69,82.71,13.43
25,2025-02-18,4,3,False,0.01,0.01,0.08,64.88,35.02
25,2025-02-23,4,4,True,0.04,0.02,0.12,47.54,52.28
25,2025-03-02,4,3,False,0.02,0.01,0.07,50.74,49.15
25,2025-03-05,4,3,False,0.03,0.02,0.13,52.73,47.09
25,2025-03-07,4,4,True,0.01,0.02,0.01,0.04,99.92
25,2025-03-10,4,4,True,0.01,0.01,0.01,0.07,99.91
25,2025-03-12,4,4,True,0.02,0.04,0.02,0.34,99.58
25,2025-03-15,4,4,True,0.01,0.01,0.01,0.02,99.96
25,2025-03-22,4,4,True,0.0,0.0,0.0,0.0,99.99
25,2025-03-25,4,4,True,0.01,0.01,0.01,0.03,99.94
25,2025-03-27,4,4,True,0.0,0.0,0.01,0.01,99.98
25,2025-03-29,4,4,True,0.01,0.01,0.01,0.02,99.96
25,2025-03-30,4,4,True,0.01,0.02,0.02,0.02,99.93
25,2025-04-01,4,4,True,0.0,0.0,0.0,0.0,99.99
25,2025-04-06,4,4,True,0.0,0.01,0.01,0.01,99.97
25,2025-04-09,4,4,True,0.01,0.02,0.03,0.02,99.92
25,2025-04-11,4,4,True,0.0,0.0,0.01,0.0,99.99
27,2024-12-27,1,1,True,0.09,94.7,5.18,0.03,0.01
27,2025-01-11,2,1,False,0.03,90.96,8.93,0.08,0.0
27,2025-01-19,2,2,True,0.03,22.41,75.75,1.78,0.05
27,2025-01-26,3,2,False,0.07,3.89,53.2,42.43,0.41
27,2025-01-29,3,2,False,0.02,1.44,81.88,16.57,0.09
27,2025-01-31,3,2,False,0.0,0.03,62.4,37.53,0.05
27,2025-02-03,3,3,True,0.0,0.02,7.79,92.06,0.14
27,2025-02-08,3,3,True,0.0,0.0,0.88,98.84,0.28
27,2025-02-10,3,3,True,0.0,0.04,3.35,96.38,0.23
27,2025-02-13,3,3,True,0.0,0.0,1.08,98.42,0.5
27,2025-02-15,3,3,True,0.0,0.06,3.47,95.64,0.83
27,2025-02-18,4,3,False,0.0,0.0,0.05,84.84,15.11
27,2025-02-23,4,4,True,0.31,0.26,0.96,27.33,71.14
27,2025-03-02,4,4,True,0.08,0.05,0.29,49.03,50.55
27,2025-03-05,4,3,False,0.0,0.0,0.06,87.55,12.39
27,2025-03-07,4,4,True,0.05,0.12,0.12,0.7,99.02
27,2025-03-10,4,4,True,0.01,0.01,0.01,0.13,99.84
27,2025-03-12,4,4,True,0.02,0.04,0.06,0.31,99.57
27,2025-03-15,4,4,True,0.04,0.07,0.09,0.97,98.83
27,2025-03-22,4,4,True,0.01,0.03,0.02,0.71,99.22
27,2025-03-25,4,4,True,0.01,0.01,0.01,0.04,99.94
27,2025-03-27,4,4,True,0.01,0.01,0.01,0.07,99.9
27,2025-03-29,4,4,True,0.01,0.01,0.01,0.16,99.82
27,2025-03-30,4,4,True,0.03,0.08,0.06,0.19,99.64
27,2025-04-01,4,4,True,0.02,0.04,0.03,0.03,99.88
27,2025-04-06,4,4,True,0.01,0.02,0.01,0.13,99.82
27,2025-04-09,4,4,True,0.0,0.0,0.0,0.01,99.98
27,2025-04-11,4,4,True,0.01,0.02,0.02,0.03,99.92
28,2024-12-27,1,1,True,0.06,94.87,5.04,0.03,0.01
28,2025-01-11,2,2,True,0.01,10.27,86.21,3.48,0.02
28,2025-01-19,2,2,True,0.0,1.62,92.97,5.4,0.02
28,2025-01-26,3,2,False,0.0,1.15,86.14,12.69,0.03
28,2025-01-29,3,2,False,0.0,0.5,71.0,28.48,0.02
28,2025-01-31,3,3,True,0.0,0.02,43.21,56.73,0.03
28,2025-02-03,3,3,True,0.0,0.01,3.32,96.6,0.07
28,2025-02-08,3,3,True,0.0,0.0,0.77,98.95,0.27
28,2025-02-10,3,3,True,0.0,0.02,3.02,96.72,0.25
28,2025-02-13,3,3,True,0.0,0.06,21.03,78.64,0.27
28,2025-02-15,3,3,True,0.0,0.03,22.58,77.25,0.14
28,2025-02-18,3,3,True,0.0,0.02,1.11,95.92,2.94
28,2025-02-23,3,3,True,0.01,0.02,0.49,88.83,10.65
28,2025-03-02,3,3,True,0.01,0.02,0.26,84.56,15.15
28,2025-03-05,3,3,True,0.01,0.02,0.28,86.65,13.04
28,2025-03-07,4,4,True,0.29,3.49,1.21,1.98,93.02
28,2025-03-10,4,4,True,0.01,0.02,0.01,0.15,99.8
28,2025-03-12,4,4,True,0.01,0.04,0.07,0.07,99.8
28,2025-03-15,4,4,True,0.01,0.04,0.04,0.02,99.9
28,2025-03-22,4,4,True,0.0,0.02,0.02,0.01,99.96
28,2025-03-25,4,4,True,0.01,0.23,0.11,0.03,99.62
28,2025-03-27,4,4,True,0.0,0.0,0.01,0.0,99.98
28,2025-03-29,4,4,True,0.0,0.0,0.0,0.0,99.99
28,2025-03-30,4,4,True,0.01,0.06,0.03,0.01,99.88
28,2025-04-01,4,4,True,0.0,0.0,0.02,0.0,99.97
28,2025-04-06,4,4,True,0.01,0.04,0.04,0.02,99.89
28,2025-04-09,4,4,True,0.0,0.0,0.01,0.0,99.99
28,2025-04-11,4,4,True,0.0,0.01,0.01,0.0,99.98
29,2024-12-27,1,1,True,0.22,87.83,11.71,0.21,0.03
29,2025-01-11,2,2,True,0.03,17.07,81.77,1.1,0.02
29,2025-01-19,2,2,True,0.01,2.81,89.8,7.36,0.02
29,2025-01-26,3,2,False,0.08,4.37,50.58,44.69,0.27
29,2025-01-29,3,3,True,0.0,0.05,3.27,96.39,0.29
29,2025-01-31,3,3,True,0.0,0.16,44.89,54.86,0.1
29,2025-02-03,3,3,True,0.0,0.02,2.68,97.02,0.28
29,2025-02-08,3,3,True,0.0,0.03,2.99,95.48,1.5
29,2025-02-10,3,3,True,0.0,0.03,1.68,96.39,1.89
29,2025-02-13,3,3,True,0.0,0.01,0.7,98.2,1.09
29,2025-02-15,3,3,True,0.03,0.05,0.77,85.13,14.02
29,2025-02-18,4,4,True,0.16,0.09,0.27,33.28,66.2
29,2025-02-23,4,4,True,0.08,0.05,0.26,33.12,66.48
29,2025-03-02,4,3,False,0.08,0.09,0.28,50.09,49.47
29,2025-03-05,4,4,True,0.11,0.1,0.95,28.09,70.74
29,2025-03-07,4,4,True,0.02,0.02,0.01,0.09,99.86
29,2025-03-10,4,4,True,0.0,0.0,0.0,0.02,99.97
29,2025-03-12,4,4,True,0.01,0.01,0.01,0.11,99.86
29,2025-03-15,4,4,True,0.0,0.0,0.0,0.01,99.99
29,2025-03-22,4,4,True,0.0,0.0,0.0,0.01,99.98
29,2025-03-25,4,4,True,0.0,0.0,0.0,0.01,99.99
29,2025-03-27,4,4,True,0.0,0.0,0.0,0.01,99.98
29,2025-03-29,4,4,True,0.0,0.01,0.01,0.02,99.96
29,2025-03-30,4,4,True,0.0,0.0,0.01,0.0,99.98
29,2025-04-01,4,4,True,0.0,0.0,0.01,0.0,99.98
29,2025-04-06,4,4,True,0.0,0.01,0.01,0.01,99.97
29,2025-04-09,4,4,True,0.0,0.01,0.01,0.01,99.97
29,2025-04-11,4,4,True,0.0,0.01,0.01,0.0,99.97
30,2024-12-27,1,1,True,2.13,66.74,28.93,1.84,0.36
30,2025-01-11,1,2,False,0.07,36.25,61.87,1.74,0.06
30,2025-01-19,2,2,True,0.02,2.08,82.4,15.23,0.28
30,2025-01-26,2,2,True,0.05,1.28,60.15,37.44,1.08
30,2025-01-29,2,2,True,0.03,0.53,51.9,46.22,1.32
30,2025-01-31,2,2,True,0.01,0.13,92.01,7.47,0.38
30,2025-02-03,2,2,True,0.0,0.09,77.72,21.77,0.42
30,2025-02-08,2,2,True,0.07,0.41,74.24,19.88,5.4
30,2025-02-10,3,3,True,0.04,0.39,37.36,58.0,4.21
30,2025-02-13,3,3,True,0.0,0.03,5.37,91.53,3.07
30,2025-02-15,3,3,True,0.01,0.05,7.97,85.88,6.09
30,2025-02-18,3,3,True,0.01,0.01,0.09,68.75,31.15
30,2025-02-23,3,3,True,0.02,0.02,0.15,63.37,36.44
30,2025-03-02,3,3,True,0.0,0.0,0.04,81.86,18.09
30,2025-03-05,3,3,True,0.07,0.15,1.19,61.73,36.85
30,2025-03-07,4,4,True,0.01,0.01,0.01,0.09,99.89
30,2025-03-10,4,4,True,0.0,0.0,0.0,0.05,99.95
30,2025-03-12,4,4,True,0.01,0.03,0.03,0.27,99.67
30,2025-03-15,4,4,True,0.01,0.01,0.01,0.06,99.91
30,2025-03-22,4,4,True,0.0,0.01,0.01,0.04,99.94
30,2025-03-25,4,4,True,0.0,0.01,0.01,0.02,99.95
30,2025-03-27,4,4,True,0.0,0.01,0.01,0.02,99.96
30,2025-03-29,4,4,True,0.0,0.01,0.01,0.02,99.96
30,2025-03-30,4,4,True,0.0,0.01,0.01,0.01,99.98
30,2025-04-01,4,4,True,0.0,0.0,0.01,0.0,99.99
30,2025-04-06,4,4,True,0.0,0.0,0.01,0.01,99.98
30,2025-04-09,4,4,True,0.0,0.01,0.03,0.01,99.94
30,2025-04-11,4,4,True,0.0,0.0,0.01,0.0,99.98
31,2024-12-27,1,1,True,0.55,83.51,14.27,1.27,0.39
31,2025-01-11,2,2,True,0.09,22.38,71.06,6.11,0.36
31,2025-01-19,2,2,True,0.01,0.45,77.99,21.22,0.34
31,2025-01-26,3,3,True,0.03,0.11,2.03,86.05,11.79
31,2025-01-29,3,3,True,0.01,0.12,1.84,94.35,3.68
31,2025-01-31,3,3,True,0.06,0.76,45.17,49.92,4.07
31,2025-02-03,3,3,True,0.0,0.04,7.4,88.14,4.42
31,2025-02-08,3,3,True,0.01,0.06,6.23,89.78,3.93
31,2025-02-10,3,3,True,0.03,0.15,10.4,76.49,12.93
31,2025-02-13,3,3,True,0.0,0.01,1.71,94.5,3.78
31,2025-02-15,3,3,True,0.01,0.02,0.58,89.2,10.2
31,2025-02-18,3,3,True,0.0,0.0,0.05,88.09,11.86
31,2025-02-23,3,3,True,0.0,0.0,0.02,84.96,15.02
31,2025-03-02,3,3,True,0.0,0.0,0.04,88.17,11.79
31,2025-03-05,3,3,True,0.01,0.01,0.09,84.59,15.3
31,2025-03-07,4,4,True,0.01,0.02,0.04,0.47,99.45
31,2025-03-10,4,4,True,0.01,0.01,0.02,0.69,99.28
31,2025-03-12,4,4,True,0.04,0.19,0.09,0.24,99.44
31,2025-03-15,4,4,True,0.02,0.04,0.03,0.09,99.82
31,2025-03-22,4,4,True,0.08,0.13,0.07,0.15,99.58
31,2025-03-25,4,4,True,0.0,0.01,0.01,0.01,99.98
31,2025-03-27,4,4,True,0.0,0.0,0.0,0.01,99.98
31,2025-03-29,4,4,True,0.03,0.31,0.09,0.06,99.51
31,2025-03-30,4,4,True,0.02,0.09,0.07,0.03,99.8
31,2025-04-01,4,4,True,0.0,0.04,0.06,0.01,99.89
31,2025-04-06,4,4,True,0.0,0.01,0.01,0.0,99.98
31,2025-04-09,4,4,True,0.0,0.03,0.05,0.01,99.91
31,2025-04-11,4,4,True,0.0,0.04,0.03,0.01,99.92
32,2024-12-27,1,1,True,0.36,80.66,18.53,0.41,0.03
32,2025-01-11,2,2,True,0.03,33.01,66.32,0.62,0.01
32,2025-01-19,2,2,True,0.0,1.38,86.41,12.18,0.02
32,2025-01-26,3,2,False,0.01,0.85,62.99,35.8,0.35
32,2025-01-29,3,3,True,0.02,0.46,33.77,65.35,0.41
32,2025-01-31,3,2,False,0.0,0.06,65.21,34.54,0.18
32,2025-02-03,3,3,True,0.0,0.03,4.36,94.19,1.42
32,2025-02-08,3,3,True,0.0,0.01,1.38,93.86,4.74
32,2025-02-10,3,3,True,0.0,0.02,1.42,95.61,2.94
32,2025-02-13,3,3,True,0.0,0.01,0.92,94.87,4.21
32,2025-02-15,3,3,True,0.02,0.05,1.84,88.05,10.04
32,2025-02-18,4,4,True,0.23,0.1,0.47,26.85,72.36
32,2025-02-23,4,4,True,0.15,0.07,0.39,20.28,79.12
32,2025-03-02,4,4,True,0.04,0.02,0.1,47.97,51.87
32,2025-03-05,4,4,True,0.06,0.05,0.89,40.27,58.73
32,2025-03-07,4,4,True,0.01,0.02,0.02,0.14,99.81
32,2025-03-10,4,4,True,0.01,0.0,0.0,0.09,99.89
32,2025-03-12,4,4,True,0.03,0.03,0.03,0.71,99.2
32,2025-03-15,4,4,True,0.01,0.0,0.01,0.02,99.96
32,2025-03-22,4,4,True,0.01,0.0,0.0,0.09,99.9
32,2025-03-25,4,4,True,0.01,0.0,0.01,0.03,99.96
32,2025-03-27,4,4,True,0.0,0.0,0.0,0.04,99.95
32,2025-03-29,4,4,True,0.0,0.0,0.0,0.02,99.98
32,2025-03-30,4,4,True,0.0,0.0,0.0,0.0,99.99
32,2025-04-01,4,4,True,0.0,0.0,0.0,0.0,99.99
32,2025-04-06,4,4,True,0.0,0.0,0.0,0.01,99.98
32,2025-04-09,4,4,True,0.01,0.01,0.01,0.04,99.92
32,2025-04-11,4,4,True,0.0,0.0,0.0,0.0,99.99
33,2024-12-27,2,1,False,0.8,51.63,45.0,2.43,0.14
33,2025-01-11,2,2,True,0.01,5.98,87.34,6.65,0.02
33,2025-01-19,3,2,False,0.01,2.23,87.45,10.22,0.09
33,2025-01-26,3,2,False,0.02,0.86,81.45,17.09,0.58
33,2025-01-29,3,2,False,0.09,1.72,69.32,27.6,1.26
33,2025-01-31,3,2,False,0.0,0.06,72.7,26.98,0.26
33,2025-02-03,3,2,False,0.0,0.12,68.79,30.64,0.44
33,2025-02-08,3,3,True,0.0,0.02,8.27,89.67,2.04
33,2025-02-10,3,3,True,0.01,0.15,35.48,62.46,1.89
33,2025-02-13,3,3,True,0.0,0.01,1.69,96.24,2.07
33,2025-02-15,3,3,True,0.0,0.02,6.59,91.74,1.64
33,2025-02-18,4,3,False,0.02,0.01,0.1,63.51,36.36
33,2025-02-23,4,4,True,0.1,0.1,0.47,37.63,61.7
33,2025-03-02,4,3,False,0.05,0.04,0.15,52.81,46.95
33,2025-03-05,4,3,False,0.04,0.04,0.35,53.19,46.38
33,2025-03-07,4,4,True,0.01,0.01,0.01,0.02,99.96
33,2025-03-10,4,4,True,0.0,0.0,0.0,0.02,99.98
33,2025-03-12,4,4,True,0.0,0.01,0.01,0.03,99.94
33,2025-03-15,4,4,True,0.0,0.0,0.0,0.01,99.98
33,2025-03-22,4,4,True,0.0,0.01,0.01,0.01,99.97
33,2025-03-25,4,4,True,0.0,0.0,0.01,0.01,99.98
33,2025-03-27,4,4,True,0.0,0.0,0.0,0.01,99.98
33,2025-03-29,4,4,True,0.0,0.0,0.01,0.01,99.98
33,2025-03-30,4,4,True,0.0,0.02,0.01,0.01,99.96
33,2025-04-01,4,4,True,0.0,0.0,0.01,0.0,99.98
33,2025-04-06,4,4,True,0.0,0.01,0.01,0.01,99.97
33,2025-04-09,4,4,True,0.01,0.04,0.05,0.03,99.87
33,2025-04-11,4,4,True,0.0,0.01,0.01,0.0,99.98
34,2024-12-27,3,1,False,1.07,61.09,35.55,2.13,0.16
34,2025-01-11,3,1,False,0.09,83.76,15.86,0.29,0.01
34,2025-01-19,3,2,False,0.04,3.17,71.45,25.09,0.25
34,2025-01-26,3,2,False,0.08,1.79,48.49,48.08,1.57
34,2025-01-29,4,3,False,0.08,0.6,18.92,76.02,4.39
34,2025-01-31,4,2,False,0.0,0.05,63.11,36.12,0.72
34,2025-02-03,4,3,False,0.0,0.09,39.38,59.46,1.07
34,2025-02-08,4,3,False,0.01,0.04,10.44,83.68,5.84
34,2025-02-10,4,2,False,0.06,0.56,54.55,41.92,2.92
34,2025-02-13,4,3,False,0.0,0.01,0.54,93.16,6.29
34,2025-02-15,4,3,False,0.01,0.05,9.39,87.19,3.37
34,2025-02-18,4,4,True,0.2,0.07,0.27,27.21,72.26
34,2025-02-23,4,4,True,0.2,0.13,1.02,15.43,83.22
34,2025-03-02,4,4,True,0.14,0.08,0.25,35.52,64.02
34,2025-03-05,4,4,True,0.08,0.08,1.14,35.25,63.46
34,2025-03-07,4,4,True,0.02,0.02,0.02,0.07,99.87
34,2025-03-10,4,4,True,0.0,0.0,0.0,0.01,99.98
34,2025-03-12,4,4,True,0.0,0.01,0.01,0.02,99.95
34,2025-03-15,4,4,True,0.0,0.0,0.0,0.0,99.99
34,2025-03-22,4,4,True,0.0,0.0,0.0,0.01,99.98
34,2025-03-25,4,4,True,0.0,0.0,0.0,0.0,99.99
34,2025-03-27,4,4,True,0.0,0.0,0.0,0.0,99.99
34,2025-03-29,4,4,True,0.0,0.0,0.0,0.01,99.98
34,2025-03-30,4,4,True,0.0,0.0,0.0,0.0,99.99
34,2025-04-01,4,4,True,0.0,0.0,0.01,0.0,99.99
34,2025-04-06,4,4,True,0.0,0.0,0.0,0.0,99.99
34,2025-04-09,4,4,True,0.0,0.01,0.01,0.01,99.97
34,2025-04-11,4,4,True,0.0,0.0,0.01,0.0,99.98
35,2024-12-27,1,1,True,1.82,72.62,24.51,0.93,0.12
35,2025-01-11,2,2,True,0.0,3.09,94.02,2.88,0.01
35,2025-01-19,2,2,True,0.01,1.46,67.32,31.18,0.03
35,2025-01-26,3,3,True,0.01,0.44,37.93,61.46,0.16
35,2025-01-29,3,3,True,0.0,0.04,2.54,97.04,0.37
35,2025-01-31,3,3,True,0.0,0.08,41.65,58.0,0.27
35,2025-02-03,3,3,True,0.0,0.04,4.76,93.85,1.35
35,2025-02-08,3,3,True,0.0,0.01,3.1,92.82,4.07
35,2025-02-10,3,3,True,0.0,0.0,0.35,98.5,1.15
35,2025-02-13,3,3,True,0.0,0.0,0.37,98.97,0.66
35,2025-02-15,3,3,True,0.0,0.0,0.17,97.17,2.65
35,2025-02-18,3,3,True,0.0,0.0,0.03,79.45,20.52
35,2025-02-23,3,3,True,0.0,0.0,0.02,84.05,15.93
35,2025-03-02,3,3,True,0.0,0.0,0.01,90.04,9.94
35,2025-03-05,3,3,True,0.01,0.01,0.05,62.17,37.77
35,2025-03-07,4,4,True,0.01,0.01,0.01,0.15,99.83
35,2025-03-10,4,4,True,0.0,0.0,0.0,0.31,99.67
35,2025-03-12,4,4,True,0.01,0.01,0.03,4.85,95.1
35,2025-03-15,4,4,True,0.01,0.01,0.01,0.23,99.74
35,2025-03-22,4,4,True,0.01,0.02,0.02,0.51,99.44
35,2025-03-25,4,4,True,0.01,0.02,0.02,0.06,99.89
35,2025-03-27,4,4,True,0.01,0.04,0.02,0.2,99.72
35,2025-03-29,4,4,True,0.01,0.02,0.01,0.14,99.81
35,2025-03-30,4,4,True,0.01,0.04,0.03,0.03,99.9
35,2025-04-01,4,4,True,0.0,0.0,0.01,0.0,99.99
35,2025-04-06,4,4,True,0.0,0.01,0.01,0.01,99.97
35,2025-04-09,4,4,True,0.0,0.01,0.02,0.01,99.96
35,2025-04-11,4,4,True,0.0,0.01,0.01,0.0,99.98
36,2024-12-27,2,1,False,0.36,84.77,14.43,0.37,0.08
36,2025-01-11,2,1,False,0.05,87.28,12.51,0.14,0.01
36,2025-01-19,3,2,False,0.01,2.23,88.53,9.08,0.16
36,2025-01-26,3,2,False,0.02,1.19,52.58,45.9,0.31
36,2025-01-29,3,3,True,0.0,0.19,40.84,58.79,0.17
36,2025-01-31,3,3,True,0.0,0.02,27.52,72.35,0.11
36,2025-02-03,3,3,True,0.0,0.01,3.1,96.67,0.23
36,2025-02-08,3,3,True,0.0,0.0,0.47,98.54,0.98
36,2025-02-10,3,3,True,0.0,0.0,0.27,99.03,0.69
36,2025-02-13,3,3,True,0.0,0.0,0.28,98.77,0.95
36,2025-02-15,3,3,True,0.0,0.01,0.35,96.83,2.82
36,2025-02-18,4,3,False,0.01,0.01,0.05,59.41,40.53
36,2025-02-23,4,4,True,0.03,0.02,0.09,42.99,56.88
36,2025-03-02,4,3,False,0.02,0.01,0.05,51.33,48.59
36,2025-03-05,4,3,False,0.01,0.01,0.1,64.82,35.07
36,2025-03-07,4,4,True,0.01,0.01,0.01,0.22,99.74
36,2025-03-10,4,4,True,0.01,0.0,0.0,0.22,99.76
36,2025-03-12,4,4,True,0.02,0.02,0.06,7.68,92.21
36,2025-03-15,4,4,True,0.01,0.01,0.01,0.15,99.82
36,2025-03-22,4,4,True,0.01,0.01,0.01,0.38,99.6
36,2025-03-25,4,4,True,0.01,0.01,0.01,0.08,99.89
36,2025-03-27,4,4,True,0.01,0.01,0.01,0.07,99.91
36,2025-03-29,4,4,True,0.0,0.0,0.0,0.04,99.95
36,2025-03-30,4,4,True,0.0,0.01,0.01,0.01,99.97
36,2025-04-01,4,4,True,0.0,0.0,0.01,0.01,99.98
36,2025-04-06,4,4,True,0.01,0.01,0.01,0.03,99.94
36,2025-04-09,4,4,True,0.02,0.03,0.03,0.08,99.83
36,2025-04-11,4,4,True,0.0,0.0,0.0,0.01,99.98
37,2024-12-27,2,1,False,0.73,83.13,15.65,0.4,0.1
37,2025-01-11,2,1,False,0.04,92.07,7.83,0.06,0.0
37,2025-01-19,3,2,False,0.03,9.03,84.05,6.86,0.03
37,2025-01-26,3,2,False,0.02,1.88,82.82,14.88,0.39
37,2025-01-29,3,2,False,0.0,0.35,73.55,26.06,0.03
37,2025-01-31,3,2,False,0.0,0.02,67.2,32.76,0.02
37,2025-02-03,3,2,False,0.0,0.05,52.68,47.25,0.03
37,2025-02-08,3,3,True,0.0,0.03,32.7,67.04,0.22
37,2025-02-10,3,3,True,0.0,0.05,9.01,90.67,0.27
37,2025-02-13,3,2,False,0.0,0.35,79.95,19.67,0.02
37,2025-02-15,3,3,True,0.0,0.03,5.12,94.3,0.55
37,2025-02-18,4,3,False,0.0,0.0,0.08,80.02,19.89
37,2025-02-23,4,3,False,0.02,0.01,0.08,54.25,45.65
37,2025-03-02,4,4,True,0.09,0.04,0.16,42.64,57.07
37,2025-03-05,4,3,False,0.02,0.01,0.1,55.09,44.77
37,2025-03-07,4,4,True,0.01,0.01,0.01,0.02,99.95
37,2025-03-10,4,4,True,0.01,0.01,0.01,0.03,99.96
37,2025-03-12,4,4,True,0.01,0.01,0.01,0.07,99.89
37,2025-03-15,4,4,True,0.03,0.1,0.05,0.11,99.72
37,2025-03-22,4,4,True,0.01,0.0,0.0,0.01,99.97
37,2025-03-25,4,4,True,0.01,0.01,0.01,0.02,99.96
37,2025-03-27,4,4,True,0.0,0.0,0.0,0.01,99.98
37,2025-03-29,4,4,True,0.01,0.0,0.0,0.06,99.93
37,2025-03-30,4,4,True,0.0,0.01,0.01,0.0,99.98
37,2025-04-01,4,4,True,0.0,0.0,0.01,0.0,99.98
37,2025-04-06,4,4,True,0.01,0.01,0.01,0.03,99.95
37,2025-04-09,4,4,True,0.0,0.0,0.0,0.0,99.99
37,2025-04-11,4,4,True,0.0,0.0,0.0,0.0,99.99
38,2024-12-27,1,1,True,0.26,85.67,13.78,0.26,0.03
38,2025-01-11,1,1,True,0.05,91.41,8.48,0.07,0.0
38,2025-01-19,2,2,True,0.02,6.86,80.53,12.55,0.03
38,2025-01-26,2,2,True,0.02,3.28,70.08,26.51,0.11
38,2025-01-29,3,3,True,0.01,0.28,4.59,94.75,0.37
38,2025-01-31,3,3,True,0.0,0.08,30.3,69.54,0.09
38,2025-02-03,3,3,True,0.0,0.07,6.89,92.84,0.21
38,2025-02-08,3,3,True,0.0,0.01,6.13,93.14,0.71
38,2025-02-10,3,3,True,0.0,0.09,4.84,94.49,0.58
38,2025-02-13,3,3,True,0.0,0.02,2.4,97.25,0.33
38,2025-02-15,3,3,True,0.0,0.04,2.32,96.6,1.04
38,2025-02-18,3,3,True,0.0,0.0,0.05,90.22,9.72
38,2025-02-23,3,3,True,0.01,0.01,0.09,71.96,27.93
38,2025-03-02,3,3,True,0.02,0.02,0.13,65.07,34.76
38,2025-03-05,3,3,True,0.01,0.01,0.09,77.17,22.73
38,2025-03-07,4,4,True,0.01,0.02,0.01,0.02,99.94
38,2025-03-10,4,4,True,0.0,0.0,0.01,0.01,99.98
38,2025-03-12,4,4,True,0.02,0.04,0.02,0.11,99.82
38,2025-03-15,4,4,True,0.01,0.02,0.02,0.02,99.94
38,2025-03-22,4,4,True,0.0,0.01,0.0,0.01,99.98
38,2025-03-25,4,4,True,0.01,0.04,0.03,0.02,99.9
38,2025-03-27,4,4,True,0.0,0.02,0.01,0.01,99.96
38,2025-03-29,4,4,True,0.0,0.01,0.01,0.01,99.97
38,2025-03-30,4,4,True,0.0,0.02,0.02,0.01,99.95
38,2025-04-01,4,4,True,0.0,0.01,0.01,0.0,99.98
38,2025-04-06,4,4,True,0.0,0.01,0.0,0.01,99.98
38,2025-04-09,4,4,True,0.0,0.0,0.01,0.0,99.98
38,2025-04-11,4,4,True,0.0,0.0,0.0,0.0,99.99
39,2024-12-27,1,1,True,0.21,87.21,12.35,0.2,0.02
39,2025-01-11,1,1,True,0.04,90.41,9.47,0.08,0.0
39,2025-01-19,1,2,False,0.06,11.69,80.31,7.88,0.06
39,2025-01-26,2,2,True,0.38,16.14,58.22,24.77,0.5
39,2025-01-29,2,2,True,1.28,31.8,47.27,18.99,0.67
39,2025-01-31,2,2,True,0.0,0.2,92.26,7.45,0.09
39,2025-02-03,2,2,True,0.0,0.09,96.5,3.4,0.01
39,2025-02-08,2,2,True,0.0,0.04,98.41,1.54,0.01
39,2025-02-10,2,2,True,0.0,0.21,96.27,3.51,0.01
39,2025-02-13,2,2,True,0.0,0.18,96.17,3.64,0.01
39,2025-02-15,3,2,False,0.0,0.21,89.39,10.38,0.02
39,2025-02-18,3,3,True,0.03,0.14,2.74,92.85,4.24
39,2025-02-23,3,3,True,0.01,0.04,2.12,92.38,5.45
39,2025-03-02,3,3,True,0.04,0.14,1.29,90.32,8.21
39,2025-03-05,3,3,True,0.04,0.28,9.36,84.84,5.48
39,2025-03-07,4,4,True,0.01,0.03,0.03,0.01,99.92
39,2025-03-10,4,4,True,0.01,0.03,0.12,0.07,99.77
39,2025-03-12,4,4,True,0.01,0.04,0.07,0.05,99.83
39,2025-03-15,4,4,True,0.0,0.04,0.16,0.04,99.75
39,2025-03-22,4,4,True,0.0,0.01,0.02,0.01,99.96
39,2025-03-25,4,4,True,0.01,0.03,0.08,0.03,99.85
39,2025-03-27,4,4,True,0.0,0.02,0.03,0.01,99.94
39,2025-03-29,4,4,True,0.01,0.03,0.03,0.03,99.9
39,2025-03-30,4,4,True,0.03,0.27,0.51,0.18,99.01
39,2025-04-01,4,4,True,0.0,0.01,0.04,0.01,99.94
39,2025-04-06,4,4,True,0.0,0.0,0.01,0.0,99.99
39,2025-04-09,4,4,True,0.01,0.05,0.1,0.05,99.78
39,2025-04-11,4,4,True,0.0,0.01,0.02,0.01,99.96
40,2024-12-27,1,1,True,0.21,90.33,9.28,0.12,0.06
40,2025-01-11,1,1,True,0.08,86.45,13.23,0.21,0.02
40,2025-01-19,2,2,True,0.02,6.62,87.74,5.41,0.22
40,2025-01-26,2,2,True,0.03,3.05,73.47,23.04,0.41
40,2025-01-29,2,2,True,0.03,2.51,77.39,19.89,0.18
40,2025-01-31,2,2,True,0.0,0.17,91.04,8.59,0.2
40,2025-02-03,2,2,True,0.0,0.14,86.95,12.86,0.05
40,2025-02-08,2,2,True,0.0,0.09,90.48,9.34,0.09
40,2025-02-10,2,2,True,0.0,0.16,91.45,8.33,0.06
40,2025-02-13,2,2,True,0.0,0.09,80.78,19.11,0.03
40,2025-02-15,2,2,True,0.0,0.15,79.71,20.03,0.1
40,2025-02-18,3,3,True,0.0,0.02,0.25,94.8,4.93
40,2025-02-23,3,3,True,0.0,0.02,0.57,95.33,4.07
40,2025-03-02,3,3,True,0.0,0.01,0.1,92.75,7.15
40,2025-03-05,3,3,True,0.0,0.01,0.31,97.57,2.1
40,2025-03-07,4,4,True,0.01,0.04,0.02,0.02,99.91
40,2025-03-10,4,4,True,0.0,0.01,0.02,0.02,99.94
40,2025-03-12,4,4,True,0.03,0.08,0.07,0.15,99.68
40,2025-03-15,4,4,True,0.02,0.11,0.14,0.1,99.63
40,2025-03-22,4,4,True,0.01,0.04,0.04,0.03,99.87
40,2025-03-25,4,4,True,0.0,0.01,0.02,0.01,99.95
40,2025-03-27,4,4,True,0.0,0.01,0.01,0.01,99.97
40,2025-03-29,4,4,True,0.0,0.01,0.02,0.02,99.95
40,2025-03-30,4,4,True,0.01,0.08,0.08,0.04,99.79
40,2025-04-01,4,4,True,0.0,0.01,0.01,0.0,99.98
40,2025-04-06,4,4,True,0.0,0.01,0.01,0.01,99.97
40,2025-04-09,4,4,True,0.01,0.04,0.05,0.03,99.86
40,2025-04-11,4,4,True,0.01,0.04,0.03,0.01,99.91
41,2024-12-27,1,1,True,0.1,94.21,5.62,0.04,0.03
41,2025-01-11,1,1,True,0.03,93.05,6.88,0.04,0.0
41,2025-01-19,1,1,True,0.09,68.97,30.26,0.66,0.03
41,2025-01-26,2,2,True,0.01,1.06,89.38,9.33,0.22
41,2025-01-29,2,2,True,0.0,0.3,82.75,16.93,0.01
41,2025-01-31,2,2,True,0.0,0.03,77.06,22.9,0.01
41,2025-02-03,2,2,True,0.0,0.06,70.84,29.09,0.01
41,2025-02-08,2,2,True,0.0,0.09,92.49,7.39,0.03
41,2025-02-10,2,2,True,0.01,0.54,60.56,38.84,0.05
41,2025-02-13,2,2,True,0.0,0.18,70.5,29.28,0.04
41,2025-02-15,2,2,True,0.01,0.58,74.64,24.71,0.06
41,2025-02-18,3,3,True,0.01,0.01,0.14,83.67,16.18
41,2025-02-23,3,4,False,0.15,0.09,0.43,35.77,63.55
41,2025-03-02,3,4,False,0.67,0.37,1.02,32.94,65.0
41,2025-03-05,3,3,True,0.0,0.0,0.11,81.03,18.85
41,2025-03-07,4,4,True,0.02,0.03,0.02,0.03,99.91
41,2025-03-10,4,4,True,0.02,0.01,0.01,0.05,99.92
41,2025-03-12,4,4,True,0.05,0.1,0.17,0.84,98.85
41,2025-03-15,4,4,True,0.03,0.09,0.06,0.09,99.74
41,2025-03-22,4,4,True,0.03,0.03,0.03,0.07,99.83
41,2025-03-25,4,4,True,0.0,0.01,0.01,0.01,99.96
41,2025-03-27,4,4,True,0.0,0.01,0.01,0.01,99.97
41,2025-03-29,4,4,True,0.0,0.01,0.0,0.02,99.97
41,2025-03-30,4,4,True,0.0,0.01,0.01,0.01,99.97
41,2025-04-01,4,4,True,0.0,0.01,0.01,0.0,99.98
41,2025-04-06,4,4,True,0.0,0.0,0.0,0.01,99.98
41,2025-04-09,4,4,True,0.0,0.0,0.01,0.0,99.99
41,2025-04-11,4,4,True,0.0,0.0,0.0,0.0,99.99
42,2024-12-27,2,1,False,0.2,86.72,12.85,0.17,0.06
42,2025-01-11,2,1,False,0.02,92.43,7.49,0.05,0.0
42,2025-01-19,2,1,False,0.08,75.51,23.64,0.77,0.01
42,2025-01-26,3,2,False,0.09,6.17,62.8,30.54,0.4
42,2025-01-29,3,3,True,0.0,0.06,9.02,90.8,0.11
42,2025-01-31,3,3,True,0.0,0.01,24.2,75.75,0.04
42,2025-02-03,3,3,True,0.0,0.01,2.42,97.5,0.07
42,2025-02-08,3,3,True,0.0,0.0,1.88,97.87,0.25
42,2025-02-10,3,3,True,0.0,0.0,0.39,99.42,0.19
42,2025-02-13,3,3,True,0.0,0.0,0.33,99.32,0.35
42,2025-02-15,3,3,True,0.0,0.01,0.36,98.95,0.68
42,2025-02-18,3,3,True,0.0,0.0,0.03,83.51,16.46
42,2025-02-23,3,4,False,0.03,0.02,0.09,46.09,53.76
42,2025-03-02,3,3,True,0.01,0.01,0.05,61.75,38.19
42,2025-03-05,3,3,True,0.0,0.0,0.03,85.64,14.33
42,2025-03-07,4,4,True,0.04,0.04,0.03,0.23,99.66
42,2025-03-10,4,4,True,0.01,0.01,0.01,0.12,99.86
42,2025-03-12,4,4,True,0.02,0.02,0.04,1.81,98.12
42,2025-03-15,4,4,True,0.02,0.04,0.04,0.63,99.27
42,2025-03-22,4,4,True,0.01,0.01,0.01,0.06,99.91
42,2025-03-25,4,4,True,0.01,0.03,0.02,0.08,99.86
42,2025-03-27,4,4,True,0.0,0.01,0.01,0.02,99.96
42,2025-03-29,4,4,True,0.01,0.01,0.01,0.12,99.86
42,2025-03-30,4,4,True,0.02,0.06,0.04,0.07,99.81
42,2025-04-01,4,4,True,0.01,0.02,0.01,0.02,99.95
42,2025-04-06,4,4,True,0.01,0.02,0.01,0.09,99.86
42,2025-04-09,4,4,True,0.01,0.02,0.02,0.02,99.94
42,2025-04-11,4,4,True,0.01,0.01,0.01,0.02,99.95
43,2024-12-27,1,1,True,0.1,92.53,7.3,0.06,0.01
43,2025-01-11,1,1,True,0.03,91.96,7.96,0.05,0.0
43,2025-01-19,1,1,True,0.12,53.64,45.2,1.0,0.04
43,2025-01-26,2,2,True,0.06,3.42,85.1,10.97,0.44
43,2025-01-29,2,2,True,0.01,0.44,91.12,8.36,0.08
43,2025-01-31,2,2,True,0.0,0.03,88.32,11.63,0.02
43,2025-02-03,2,2,True,0.0,0.06,85.33,14.58,0.02
43,2025-02-08,2,2,True,0.0,0.05,85.57,14.27,0.11
43,2025-02-10,2,2,True,0.0,0.13,77.28,22.53,0.06
43,2025-02-13,3,2,False,0.0,0.06,54.69,45.0,0.25
43,2025-02-15,3,3,True,0.0,0.02,10.45,89.32,0.22
43,2025-02-18,3,3,True,0.0,0.0,0.11,78.59,21.29
43,2025-02-23,3,3,True,0.01,0.01,0.14,69.85,29.99
43,2025-03-02,3,3,True,0.04,0.02,0.17,52.68,47.09
43,2025-03-05,3,3,True,0.0,0.0,0.1,75.75,24.14
43,2025-03-07,4,4,True,0.01,0.0,0.0,0.0,99.98
43,2025-03-10,4,4,True,0.0,0.0,0.0,0.01,99.98
43,2025-03-12,4,4,True,0.01,0.0,0.01,0.03,99.96
43,2025-03-15,4,4,True,0.0,0.0,0.0,0.0,99.99
43,2025-03-22,4,4,True,0.0,0.0,0.0,0.01,99.98
43,2025-03-25,4,4,True,0.0,0.0,0.0,0.01,99.99
43,2025-03-27,4,4,True,0.0,0.0,0.0,0.01,99.99
43,2025-03-29,4,4,True,0.0,0.0,0.0,0.01,99.98
43,2025-03-30,4,4,True,0.01,0.02,0.02,0.03,99.91
43,2025-04-01,4,4,True,0.0,0.0,0.0,0.0,99.99
43,2025-04-06,4,4,True,0.0,0.0,0.0,0.0,99.99
43,2025-04-09,4,4,True,0.0,0.0,0.0,0.0,99.99
43,2025-04-11,4,4,True,0.0,0.0,0.0,0.0,100.0
44,2024-12-27,1,1,True,0.11,93.0,6.79,0.06,0.04
44,2025-01-11,1,1,True,0.04,92.85,7.07,0.04,0.0
44,2025-01-19,1,2,False,0.08,30.74,65.91,3.22,0.06
44,2025-01-26,2,2,True,0.01,1.81,80.47,17.42,0.28
44,2025-01-29,2,2,True,0.01,1.03,84.75,14.17,0.05
44,2025-01-31,2,2,True,0.0,0.11,93.68,6.18,0.02
44,2025-02-03,2,2,True,0.0,0.11,96.78,3.1,0.02
44,2025-02-08,2,2,True,0.0,0.03,92.84,7.1,0.02
44,2025-02-10,2,2,True,0.0,0.06,72.35,27.55,0.03
44,2025-02-13,3,3,True,0.0,0.01,22.81,77.1,0.07
44,2025-02-15,3,3,True,0.0,0.01,4.9,95.03,0.07
44,2025-02-18,3,3,True,0.0,0.0,0.16,93.77,6.07
44,2025-02-23,3,3,True,0.0,0.0,0.12,82.93,16.95
44,2025-03-02,3,3,True,0.0,0.0,0.03,83.36,16.6
44,2025-03-05,3,3,True,0.0,0.0,0.03,93.79,6.18
44,2025-03-07,4,4,True,0.03,0.03,0.02,0.07,99.85
44,2025-03-10,4,4,True,0.01,0.0,0.01,0.03,99.95
44,2025-03-12,4,4,True,0.01,0.01,0.02,0.47,99.49
44,2025-03-15,4,4,True,0.01,0.02,0.02,0.06,99.89
44,2025-03-22,4,4,True,0.01,0.01,0.01,0.03,99.96
44,2025-03-25,4,4,True,0.03,0.04,0.05,0.17,99.7
44,2025-03-27,4,4,True,0.01,0.02,0.03,0.5,99.44
44,2025-03-29,4,4,True,0.02,0.02,0.06,2.3,97.61
44,2025-03-30,4,4,True,0.07,0.17,0.28,1.87,97.61
44,2025-04-01,4,4,True,0.04,0.08,0.11,0.12,99.65
44,2025-04-06,4,4,True,0.02,0.02,0.01,0.15,99.8
44,2025-04-09,4,4,True,0.02,0.02,0.03,0.03,99.9
44,2025-04-11,4,4,True,0.02,0.04,0.03,0.08,99.82
45,2024-12-27,1,1,True,0.32,89.18,10.27,0.16,0.08
45,2025-01-11,1,1,True,0.04,91.47,8.42,0.07,0.01
45,2025-01-19,1,2,False,0.04,9.34,83.7,6.82,0.1
45,2025-01-26,2,2,True,0.07,3.77,59.13,36.42,0.6
45,2025-01-29,2,2,True,0.01,0.49,65.22,34.08,0.2
45,2025-01-31,2,2,True,0.0,0.05,65.47,34.31,0.17
45,2025-02-03,2,3,False,0.01,0.15,37.44,61.95,0.45
45,2025-02-08,2,2,True,0.0,0.1,89.32,10.29,0.29
45,2025-02-10,2,3,False,0.01,0.25,34.56,64.47,0.7
45,2025-02-13,3,3,True,0.0,0.0,2.23,97.54,0.23
45,2025-02-15,3,3,True,0.0,0.03,4.3,94.94,0.73
45,2025-02-18,3,3,True,0.02,0.01,0.13,67.7,32.14
45,2025-02-23,3,3,True,0.0,0.0,0.05,79.25,20.7
45,2025-03-02,3,3,True,0.0,0.0,0.05,73.48,26.46
45,2025-03-05,3,3,True,0.0,0.0,0.06,75.71,24.22
45,2025-03-07,4,4,True,0.02,0.02,0.01,0.05,99.9
45,2025-03-10,4,4,True,0.01,0.01,0.01,0.08,99.9
45,2025-03-12,4,4,True,0.02,0.02,0.03,0.47,99.46
45,2025-03-15,4,4,True,0.01,0.01,0.01,0.03,99.95
45,2025-03-22,4,4,True,0.01,0.01,0.01,0.05,99.92
45,2025-03-25,4,4,True,0.0,0.0,0.01,0.01,99.97
45,2025-03-27,4,4,True,0.01,0.02,0.02,0.06,99.9
45,2025-03-29,4,4,True,0.01,0.01,0.01,0.07,99.91
45,2025-03-30,4,4,True,0.01,0.03,0.03,0.04,99.89
45,2025-04-01,4,4,True,0.0,0.0,0.0,0.0,99.99
45,2025-04-06,4,4,True,0.0,0.01,0.01,0.01,99.97
45,2025-04-09,4,4,True,0.01,0.01,0.02,0.02,99.94
45,2025-04-11,4,4,True,0.0,0.01,0.01,0.01,99.98
46,2024-12-27,1,1,True,0.89,62.38,34.92,1.53,0.28
46,2025-01-11,1,1,True,0.05,90.36,9.51,0.08,0.0
46,2025-01-19,1,2,False,0.06,26.26,70.16,3.5,0.03
46,2025-01-26,3,2,False,0.05,3.93,66.46,29.21,0.35
46,2025-01-29,3,2,False,0.01,0.58,61.41,37.9,0.1
46,2025-01-31,3,3,True,0.0,0.03,32.82,67.05,0.09
46,2025-02-03,3,3,True,0.0,0.13,43.67,56.18,0.03
46,2025-02-08,3,3,True,0.0,0.02,8.08,90.7,1.19
46,2025-02-10,3,3,True,0.0,0.01,1.32,98.12,0.54
46,2025-02-13,3,3,True,0.0,0.01,1.72,98.04,0.24
46,2025-02-15,3,3,True,0.01,0.05,2.02,96.32,1.61
46,2025-02-18,3,3,True,0.02,0.01,0.09,57.65,42.23
46,2025-02-23,3,4,False,0.15,0.06,0.32,27.65,71.83
46,2025-03-02,3,4,False,0.04,0.02,0.1,47.12,52.72
46,2025-03-05,3,3,True,0.01,0.01,0.12,63.79,36.07
46,2025-03-07,4,4,True,0.01,0.01,0.01,0.03,99.94
46,2025-03-10,4,4,True,0.01,0.0,0.0,0.02,99.97
46,2025-03-12,4,4,True,0.02,0.01,0.03,0.89,99.06
46,2025-03-15,4,4,True,0.02,0.03,0.02,0.22,99.7
46,2025-03-22,4,4,True,0.01,0.0,0.0,0.03,99.95
46,2025-03-25,4,4,True,0.0,0.0,0.0,0.02,99.97
46,2025-03-27,4,4,True,0.0,0.0,0.0,0.01,99.98
46,2025-03-29,4,4,True,0.0,0.0,0.0,0.01,99.98
46,2025-03-30,4,4,True,0.0,0.0,0.0,0.0,99.99
46,2025-04-01,4,4,True,0.0,0.0,0.0,0.0,99.99
46,2025-04-06,4,4,True,0.0,0.0,0.0,0.0,99.99
46,2025-04-09,4,4,True,0.0,0.0,0.0,0.0,99.98
46,2025-04-11,4,4,True,0.0,0.0,0.0,0.0,100.0
47,2024-12-27,2,1,False,2.48,49.89,41.97,5.13,0.52
47,2025-01-11,2,2,True,0.18,16.47,66.4,16.77,0.17
47,2025-01-19,2,2,True,0.16,5.1,57.64,36.18,0.91
47,2025-01-26,3,3,True,0.02,0.22,9.26,87.76,2.73
47,2025-01-29,3,3,True,0.02,0.07,2.8,89.38,7.74
47,2025-01-31,3,3,True,0.01,0.04,10.89,85.34,3.72
47,2025-02-03,3,3,True,0.01,0.06,8.11,86.23,5.59
47,2025-02-08,3,3,True,0.03,0.1,12.57,72.17,15.13
47,2025-02-10,3,3,True,0.0,0.02,1.33,92.12,6.52
47,2025-02-13,3,3,True,0.0,0.0,0.19,92.96,6.85
47,2025-02-15,3,3,True,0.0,0.01,1.4,92.45,6.13
47,2025-02-18,3,3,True,0.01,0.0,0.05,73.36,26.58
47,2025-02-23,3,3,True,0.02,0.02,0.07,50.66,49.23
47,2025-03-02,3,3,True,0.01,0.01,0.06,64.75,35.17
47,2025-03-05,3,4,False,0.08,0.11,0.6,40.24,58.97
47,2025-03-07,4,4,True,0.0,0.01,0.0,0.04,99.94
47,2025-03-10,4,4,True,0.0,0.0,0.0,0.02,99.98
47,2025-03-12,4,4,True,0.01,0.01,0.01,0.09,99.88
47,2025-03-15,4,4,True,0.0,0.01,0.01,0.04,99.94
47,2025-03-22,4,4,True,0.0,0.0,0.0,0.01,99.98
47,2025-03-25,4,4,True,0.0,0.0,0.01,0.01,99.98
47,2025-03-27,4,4,True,0.0,0.01,0.01,0.01,99.98
47,2025-03-29,4,4,True,0.0,0.0,0.01,0.01,99.98
47,2025-03-30,4,4,True,0.0,0.0,0.01,0.0,99.99
47,2025-04-01,4,4,True,0.0,0.0,0.0,0.0,99.99
47,2025-04-06,4,4,True,0.0,0.0,0.01,0.0,99.99
47,2025-04-09,4,4,True,0.0,0.01,0.02,0.01,99.96
47,2025-04-11,4,4,True,0.0,0.0,0.0,0.0,99.99
48,2024-12-27,1,1,True,0.77,76.17,22.01,0.93,0.12
48,2025-01-11,1,1,True,0.12,83.53,15.98,0.34,0.02
48,2025-01-19,2,2,True,0.09,5.54,70.87,23.04,0.47
48,2025-01-26,2,3,False,0.43,5.94,38.95,52.69,2.0
48,2025-01-29,2,3,False,0.06,0.64,17.98,78.61,2.71
48,2025-01-31,2,2,True,0.0,0.05,53.29,45.98,0.68
48,2025-02-03,2,3,False,0.0,0.05,18.21,81.01,0.73
48,2025-02-08,2,3,False,0.01,0.05,12.59,82.95,4.4
48,2025-02-10,3,3,True,0.01,0.07,2.65,93.45,3.82
48,2025-02-13,3,3,True,0.0,0.0,0.48,96.9,2.62
48,2025-02-15,3,3,True,0.0,0.02,2.87,94.21,2.89
48,2025-02-18,3,3,True,0.01,0.0,0.05,70.33,29.62
48,2025-02-23,3,4,False,0.03,0.02,0.1,46.16,53.69
48,2025-03-02,3,3,True,0.01,0.01,0.05,72.96,26.98
48,2025-03-05,3,3,True,0.02,0.02,0.17,63.05,36.74
48,2025-03-07,4,4,True,0.01,0.01,0.01,0.1,99.87
48,2025-03-10,4,4,True,0.0,0.0,0.0,0.06,99.93
48,2025-03-12,4,4,True,0.01,0.02,0.02,0.18,99.77
48,2025-03-15,4,4,True,0.01,0.02,0.01,0.1,99.86
48,2025-03-22,4,4,True,0.0,0.0,0.0,0.01,99.98
48,2025-03-25,4,4,True,0.01,0.01,0.01,0.02,99.95
48,2025-03-27,4,4,True,0.0,0.01,0.01,0.02,99.96
48,2025-03-29,4,4,True,0.0,0.01,0.01,0.01,99.97
48,2025-03-30,4,4,True,0.0,0.01,0.01,0.01,99.96
48,2025-04-01,4,4,True,0.0,0.0,0.01,0.0,99.99
48,2025-04-06,4,4,True,0.0,0.0,0.0,0.0,99.99
48,2025-04-09,4,4,True,0.0,0.0,0.01,0.01,99.98
48,2025-04-11,4,4,True,0.0,0.0,0.0,0.0,99.99
49,2024-12-27,2,2,True,6.81,41.2,44.7,6.33,0.95
49,2025-01-11,3,2,False,0.15,20.62,65.5,13.67,0.07
49,2025-01-19,3,3,True,0.04,1.25,40.1,58.13,0.48
49,2025-01-26,4,2,False,0.1,1.03,50.58,43.65,4.64
49,2025-01-29,4,3,False,0.07,0.15,4.13,78.32,17.34
49,2025-01-31,4,3,False,0.01,0.06,28.24,67.68,4.02
49,2025-02-03,4,3,False,0.01,0.04,7.9,87.32,4.74
49,2025-02-08,4,3,False,0.05,0.11,7.07,65.54,27.23
49,2025-02-10,4,3,False,0.04,0.07,2.64,78.43,18.82
49,2025-02-13,4,3,False,0.0,0.01,1.06,90.18,8.74
49,2025-02-15,4,3,False,0.01,0.04,4.39,87.27,8.29
49,2025-02-18,4,3,False,0.01,0.01,0.05,61.43,38.51
49,2025-02-23,4,3,False,0.02,0.01,0.05,51.87,48.05
49,2025-03-02,4,3,False,0.0,0.0,0.03,69.89,30.07
49,2025-03-05,4,4,True,0.05,0.04,0.32,41.73,57.85
49,2025-03-07,4,4,True,0.01,0.01,0.0,0.07,99.91
49,2025-03-10,4,4,True,0.0,0.0,0.0,0.02,99.98
49,2025-03-12,4,4,True,0.0,0.01,0.01,0.06,99.92
49,2025-03-15,4,4,True,0.01,0.01,0.01,0.04,99.94
49,2025-03-22,4,4,True,0.0,0.0,0.0,0.0,99.99
49,2025-03-25,4,4,True,0.0,0.0,0.01,0.01,99.98
49,2025-03-27,4,4,True,0.0,0.0,0.01,0.01,99.98
49,2025-03-29,4,4,True,0.0,0.01,0.01,0.01,99.98
49,2025-03-30,4,4,True,0.0,0.01,0.01,0.01,99.97
49,2025-04-01,4,4,True,0.0,0.0,0.01,0.0,99.99
49,2025-04-06,4,4,True,0.0,0.0,0.01,0.0,99.98
49,2025-04-09,4,4,True,0.0,0.01,0.03,0.01,99.95
49,2025-04-11,4,4,True,0.0,0.0,0.01,0.0,99.98
50,2024-12-27,2,1,False,1.31,67.9,29.03,1.59,0.17
50,2025-01-11,2,2,True,0.02,5.94,82.63,11.37,0.05
50,2025-01-19,3,2,False,0.01,1.92,74.51,23.41,0.16
50,2025-01-26,3,3,True,0.07,1.45,38.1,59.32,1.07
50,2025-01-29,3,3,True,0.05,0.34,7.53,87.45,4.64
50,2025-01-31,3,3,True,0.0,0.03,20.68,77.86,1.44
50,2025-02-03,3,3,True,0.0,0.06,28.17,70.93,0.84
50,2025-02-08,3,3,True,0.0,0.01,2.2,91.6,6.18
50,2025-02-10,3,3,True,0.0,0.01,0.65,95.32,4.02
50,2025-02-13,3,3,True,0.0,0.03,5.73,90.62,3.62
50,2025-02-15,4,3,False,0.0,0.02,3.02,91.95,5.0
50,2025-02-18,4,3,False,0.01,0.01,0.06,67.33,32.6
50,2025-02-23,4,3,False,0.03,0.02,0.11,51.16,48.68
50,2025-03-02,4,3,False,0.01,0.01,0.05,67.45,32.48
50,2025-03-05,4,3,False,0.04,0.04,0.29,55.89,43.75
50,2025-03-07,4,4,True,0.01,0.01,0.01,0.12,99.85
50,2025-03-10,4,4,True,0.0,0.0,0.0,0.04,99.95
50,2025-03-12,4,4,True,0.01,0.02,0.02,0.25,99.7
50,2025-03-15,4,4,True,0.01,0.02,0.01,0.07,99.89
50,2025-03-22,4,4,True,0.0,0.0,0.0,0.01,99.98
50,2025-03-25,4,4,True,0.0,0.0,0.01,0.01,99.98
50,2025-03-27,4,4,True,0.0,0.0,0.0,0.01,99.98
50,2025-03-29,4,4,True,0.0,0.0,0.0,0.01,99.98
50,2025-03-30,4,4,True,0.0,0.01,0.01,0.01,99.98
50,2025-04-01,4,4,True,0.0,0.0,0.0,0.0,99.99
50,2025-04-06,4,4,True,0.0,0.0,0.0,0.0,99.99
50,2025-04-09,4,4,True,0.0,0.01,0.02,0.01,99.96
50,2025-04-11,4,4,True,0.0,0.0,0.0,0.0,99.99
51,2024-12-27,2,1,False,0.17,83.99,15.58,0.24,0.01
51,2025-01-11,2,2,True,0.01,5.65,85.7,8.61,0.03
51,2025-01-19,3,2,False,0.02,2.87,73.2,23.83,0.08
51,2025-01-26,3,3,True,0.2,3.73,20.92,73.59,1.56
51,2025-01-29,3,3,True,0.01,0.12,2.62,95.67,1.58
51,2025-01-31,3,3,True,0.0,0.02,8.47,89.8,1.72
51,2025-02-03,3,3,True,0.0,0.03,5.84,93.17,0.96
51,2025-02-08,3,3,True,0.02,0.07,8.3,81.64,9.98
51,2025-02-10,3,3,True,0.0,0.01,0.28,93.84,5.87
51,2025-02-13,3,3,True,0.0,0.01,0.65,92.3,7.03
51,2025-02-15,4,3,False,0.01,0.01,0.49,83.97,15.52
51,2025-02-18,4,3,False,0.01,0.01,0.04,58.89,41.05
51,2025-02-23,4,4,True,0.03,0.02,0.07,44.35,55.53
51,2025-03-02,4,3,False,0.0,0.0,0.02,70.36,29.62
51,2025-03-05,4,3,False,0.03,0.02,0.12,52.01,47.82
51,2025-03-07,4,4,True,0.01,0.01,0.01,0.34,99.64
51,2025-03-10,4,4,True,0.0,0.0,0.0,0.12,99.87
51,2025-03-12,4,4,True,0.01,0.01,0.01,0.49,99.47
51,2025-03-15,4,4,True,0.01,0.01,0.01,0.07,99.9
51,2025-03-22,4,4,True,0.0,0.0,0.0,0.01,99.98
51,2025-03-25,4,4,True,0.01,0.01,0.01,0.05,99.92
51,2025-03-27,4,4,True,0.01,0.01,0.01,0.05,99.93
51,2025-03-29,4,4,True,0.0,0.01,0.01,0.02,99.96
51,2025-03-30,4,4,True,0.0,0.01,0.01,0.01,99.96
51,2025-04-01,4,4,True,0.0,0.0,0.0,0.0,99.99
51,2025-04-06,4,4,True,0.0,0.0,0.01,0.0,99.98
51,2025-04-09,4,4,True,0.01,0.02,0.03,0.02,99.92
51,2025-04-11,4,4,True,0.0,0.0,0.01,0.0,99.98
52,2024-12-27,2,1,False,0.26,84.08,15.33,0.31,0.02
52,2025-01-11,3,2,False,0.07,27.73,67.73,4.44,0.03
52,2025-01-19,3,2,False,0.03,3.66,71.56,24.6,0.16
52,2025-01-26,3,3,True,0.15,2.75,27.18,68.73,1.18
52,2025-01-29,3,3,True,0.19,3.51,27.48,67.11,1.71
52,2025-01-31,3,3,True,0.0,0.04,30.37,68.76,0.83
52,2025-02-03,3,3,True,0.0,0.06,13.02,85.71,1.2
52,2025-02-08,4,3,False,0.02,0.11,12.65,79.33,7.89
52,2025-02-10,4,3,False,0.03,0.12,2.85,88.13,8.87
52,2025-02-13,4,3,False,0.0,0.02,3.69,94.01,2.28
52,2025-02-15,4,3,False,0.01,0.02,2.49,91.59,5.89
52,2025-02-18,4,3,False,0.01,0.0,0.05,68.21,31.72
52,2025-02-23,4,4,True,0.03,0.02,0.1,47.28,52.58
52,2025-03-02,4,3,False,0.01,0.01,0.05,60.36,39.57
52,2025-03-05,4,3,False,0.02,0.02,0.13,57.19,42.63
52,2025-03-07,4,4,True,0.01,0.01,0.01,0.1,99.87
52,2025-03-10,4,4,True,0.0,0.0,0.0,0.07,99.92
52,2025-03-12,4,4,True,0.01,0.01,0.02,0.35,99.61
52,2025-03-15,4,4,True,0.01,0.01,0.01,0.04,99.93
52,2025-03-22,4,4,True,0.0,0.0,0.0,0.01,99.98
52,2025-03-25,4,4,True,0.0,0.0,0.01,0.01,99.98
52,2025-03-27,4,4,True,0.0,0.01,0.01,0.02,99.97
52,2025-03-29,4,4,True,0.0,0.0,0.01,0.01,99.97
52,2025-03-30,4,4,True,0.0,0.01,0.01,0.01,99.98
52,2025-04-01,4,4,True,0.0,0.0,0.0,0.0,99.99
52,2025-04-06,4,4,True,0.0,0.0,0.0,0.0,99.99
52,2025-04-09,4,4,True,0.01,0.02,0.02,0.02,99.93
52,2025-04-11,4,4,True,0.0,0.0,0.01,0.0,99.98
53,2024-12-27,2,1,False,0.44,84.72,14.58,0.24,0.03
53,2025-01-11,2,2,True,0.01,7.32,87.38,5.29,0.01
53,2025-01-19,3,2,False,0.0,1.32,73.8,24.85,0.03
53,2025-01-26,3,3,True,0.01,0.34,35.16,64.21,0.29
53,2025-01-29,3,3,True,0.0,0.04,5.89,93.56,0.51
53,2025-01-31,3,3,True,0.0,0.01,4.31,94.91,0.77
53,2025-02-03,3,3,True,0.0,0.01,4.52,94.81,0.66
53,2025-02-08,3,3,True,0.01,0.04,5.78,84.51,9.66
53,2025-02-10,3,3,True,0.01,0.04,1.09,90.09,8.77
53,2025-02-13,3,3,True,0.0,0.01,0.83,96.63,2.53
53,2025-02-15,3,3,True,0.02,0.03,1.21,81.48,17.25
53,2025-02-18,4,4,True,0.03,0.01,0.08,46.85,53.03
53,2025-02-23,4,4,True,0.13,0.06,0.22,19.07,80.51
53,2025-03-02,4,4,True,0.07,0.05,0.15,42.52,57.21
53,2025-03-05,4,4,True,0.09,0.07,0.31,35.19,64.34
53,2025-03-07,4,4,True,0.01,0.01,0.0,0.04,99.94
53,2025-03-10,4,4,True,0.0,0.0,0.0,0.03,99.96
53,2025-03-12,4,4,True,0.01,0.02,0.02,0.08,99.87
53,2025-03-15,4,4,True,0.0,0.01,0.01,0.01,99.97
53,2025-03-22,4,4,True,0.0,0.0,0.0,0.01,99.98
53,2025-03-25,4,4,True,0.01,0.01,0.01,0.02,99.96
53,2025-03-27,4,4,True,0.01,0.01,0.01,0.01,99.96
53,2025-03-29,4,4,True,0.0,0.01,0.01,0.01,99.97
53,2025-03-30,4,4,True,0.0,0.01,0.01,0.0,99.98
53,2025-04-01,4,4,True,0.0,0.0,0.0,0.0,99.99
53,2025-04-06,4,4,True,0.0,0.02,0.02,0.01,99.95
53,2025-04-09,4,4,True,0.01,0.05,0.09,0.02,99.82
53,2025-04-11,4,4,True,0.01,0.03,0.03,0.01,99.92
